-- MySQL dump 10.13  Distrib 8.4.6, for Linux (x86_64)
--
-- Host: localhost    Database: prompt_gallery
-- ------------------------------------------------------
-- Server version	8.4.6-0ubuntu0.25.04.3

/*!40101 SET @OLD_CHARACTER_SET_CLIENT=@@CHARACTER_SET_CLIENT */;
/*!40101 SET @OLD_CHARACTER_SET_RESULTS=@@CHARACTER_SET_RESULTS */;
/*!40101 SET @OLD_COLLATION_CONNECTION=@@COLLATION_CONNECTION */;
/*!50503 SET NAMES utf8mb4 */;
/*!40103 SET @OLD_TIME_ZONE=@@TIME_ZONE */;
/*!40103 SET TIME_ZONE='+00:00' */;
/*!40014 SET @OLD_UNIQUE_CHECKS=@@UNIQUE_CHECKS, UNIQUE_CHECKS=0 */;
/*!40014 SET @OLD_FOREIGN_KEY_CHECKS=@@FOREIGN_KEY_CHECKS, FOREIGN_KEY_CHECKS=0 */;
/*!40101 SET @OLD_SQL_MODE=@@SQL_MODE, SQL_MODE='NO_AUTO_VALUE_ON_ZERO' */;
/*!40111 SET @OLD_SQL_NOTES=@@SQL_NOTES, SQL_NOTES=0 */;

--
-- Table structure for table `category`
--

DROP TABLE IF EXISTS `category`;
/*!40101 SET @saved_cs_client     = @@character_set_client */;
/*!50503 SET character_set_client = utf8mb4 */;
CREATE TABLE `category` (
  `id` int NOT NULL AUTO_INCREMENT,
  `name` varchar(100) NOT NULL,
  `description` text,
  PRIMARY KEY (`id`),
  UNIQUE KEY `name` (`name`)
) ENGINE=InnoDB AUTO_INCREMENT=6 DEFAULT CHARSET=utf8mb4 COLLATE=utf8mb4_0900_ai_ci;
/*!40101 SET character_set_client = @saved_cs_client */;

--
-- Dumping data for table `category`
--

LOCK TABLES `category` WRITE;
/*!40000 ALTER TABLE `category` DISABLE KEYS */;
INSERT INTO `category` VALUES (1,'Design & Art','Creative prompts for design and artistic projects'),(2,'Content Writing','Writing prompts for content creation'),(3,'Marketing','Marketing and advertising prompts'),(4,'Coding','Programming and development prompts'),(5,'Business','Business strategy and planning prompts');
/*!40000 ALTER TABLE `category` ENABLE KEYS */;
UNLOCK TABLES;

--
-- Table structure for table `prompt`
--

DROP TABLE IF EXISTS `prompt`;
/*!40101 SET @saved_cs_client     = @@character_set_client */;
/*!50503 SET character_set_client = utf8mb4 */;
CREATE TABLE `prompt` (
  `id` int NOT NULL AUTO_INCREMENT,
  `title` varchar(200) NOT NULL,
  `description` text NOT NULL,
  `prompt_text` text NOT NULL,
  `image_url` varchar(500) NOT NULL,
  `created_at` datetime DEFAULT NULL,
  `user_id` int NOT NULL,
  `category_id` int NOT NULL,
  PRIMARY KEY (`id`),
  KEY `user_id` (`user_id`),
  KEY `category_id` (`category_id`),
  CONSTRAINT `prompt_ibfk_1` FOREIGN KEY (`user_id`) REFERENCES `user` (`id`),
  CONSTRAINT `prompt_ibfk_2` FOREIGN KEY (`category_id`) REFERENCES `category` (`id`)
) ENGINE=InnoDB AUTO_INCREMENT=220 DEFAULT CHARSET=utf8mb4 COLLATE=utf8mb4_0900_ai_ci;
/*!40101 SET character_set_client = @saved_cs_client */;

--
-- Dumping data for table `prompt`
--

LOCK TABLES `prompt` WRITE;
/*!40000 ALTER TABLE `prompt` DISABLE KEYS */;
INSERT INTO `prompt` VALUES (1,'Hare Krishna','The beginning is always today.','The secret of getting ahead is getting started.','/static/uploads/prompts/5df2f23d-a444-47c0-900d-c1390803f2ae.jpg','2025-09-23 16:56:29',2,2),(2,'Cinematic motion','‎ ','Scroll-stopping cinematic motion blur-where stillness meets speed, crafted to feel surreal, photorealistic, and unforgettable.\r\n\r\ncinematic photography, motion blur portraits, surreal realism, speed and stillness, urban flow art, red backdrop aesthetic, viral ai photo, photorealistic edits, cinematic motion, surreal portraits, dramatic color grading, modern photography style, creative ai visuals, cinematic stills, futuristic portrait art, scroll stopper series.','/static/uploads/prompts/5ee76b39-ddd7-47ab-b0ab-cfa4286ed8d7.jpg','2025-09-23 17:10:34',2,1),(3,'Surreal Art','surreal collage meets Korean nostalgia - art that feels alive.','surreal collage art, korean nostalgia, retro snacks, face collage, modern art vibes, surreal portrait, trending streetwear art, vintage packaging design, artistic collage portraits, surreal urban editorial','/static/uploads/prompts/4449b3c3-9a45-4fd2-9a72-9e34b672b9c5.jpg','2025-09-23 17:15:15',2,1),(4,'Cinematic street photography','‎ ','cinematic street photography, motion blur aesthetic, editorial fashion photography, urban photography style, film look portraits, overcast natural tones, blurred pedestrians photography, artistic motion capture, stylish woman in city, fashion street candid','/static/uploads/prompts/92f421c1-c76b-46b8-8307-8c59f7c8f524.jpg','2025-09-23 17:18:50',2,1),(5,'Editorial Art','‎ ','Photo grid in a clean cream/beige studio. Photo of character as attached image, wearing charcoal fitted turtleneck, tailored black trousers, chelsea boots. Single large softbox camera-left with silver reflector on right, strong subtle top rim for separation, slight vignette for focus. Shots to include: (1) extreme close-up of the outer corner of the eye and lashes, very shallow DOF (85mm, f/1.4); (2) full-body centered portrait standing with arms crossed, assertive stance (35mm, f/5.6); (3) medium close seated on a concrete block prop, elbows wide, direct gaze (50mm, f/2.2); (4) mid-shot backlit with hands behind head creating triangular negative space (50mm, f/2.8); (5) tight crop of the side of the neck and turtleneck collar showing fabric grain (85mm, f/1.8); (6) 3/4 body walking toward camera with subtle motion in coat tails (50mm, f/4); (7) black & white portrait using a mirror to show two angles of the face in one frame (50-85mm, f/2.0); (8) distant full-body seated on a rooftop-style prop (studio set) with soft city-bokeh backdrop (35mm, f/5.6); (9) close frontal with a slight smirk and one eyebrow lifted, hands out of frame (85mm, f/1.9). Angles: mostly eye-level with selective low angles for presence. Capture in RAW, moderate warm color grade, soft contrast, emphasize matte black textiles and sharp tailoring; shallow DOF on faces. Mood: quiet confidence, minimal editorial. Make it very carefully.','/static/uploads/prompts/afb2dd4c-5c95-4e61-8398-87565b89adf7.jpg','2025-09-23 17:25:53',2,1),(6,'Woman in a vintage leather','‎ ','A dramatic low-key portrait of a short dark-haired woman in a vintage leather trench coat and red lipstick, posing under a streetlamp in a rainy city street at night, reflections glistening on the pavement, evoking classic noir cinema, shot with a Leica M11, 35mm f/1.4 lens, deep shadows with warm amber and black tones','/static/uploads/prompts/cbc5991f-0e9e-4543-978f-e35f1fb159ca.jpg','2025-09-23 17:32:08',2,1),(7,'Horse Riding Look 🐎','‎ ','A cinematic image of myself ( 100% same face as the reference ) wearing a black suit and coat, riding a powerful black horse in an open field. I wear dark sunglasses, and my hair is carefully coiffed. The background features a dramatic cloudy sky and dry pastures, creating a poetic and profound atmosphere. The lighting is both soft and dramatic, with strong contrast that highlights the elegance of the scene and my control. The horse is mid-stride, adding vitality and activity to the composition.','/static/uploads/prompts/89801024-4272-41ce-b16d-f11893b9d101.jpg','2025-09-23 17:35:53',2,1),(8,'Collage of 6 Vintage Photos','‎ ','Create an artistic collage of 6 vintage Polaroid photos, attached with a decorative rope and mini clothespins, like a home photo gallery. Each Polaroid frame has a slight fading and an old paper effect. The background is a soft pastel wall with light shadows, creating a cozy and creatively chaotic atmosphere.\r\n\r\nEmotions and poses:\r\n\r\n* Light laughter - eyes closed, natural joy.\r\n\r\n* Dreamy gaze upwards, relaxed pose. * Playful wink.\r\n\r\n* Calm smile with a head tilted to the side. Dynamic gesture hands raised high, full of energy.\r\n\r\nRomantic half-glance over the shoulder.\r\n\r\nThe atmosphere is an art-retro style with elements of a \'70s fashion magazine, soft diffused lighting, and muted warm and golden tones. Each photograph looks like a unique behind-the-scenes shot, with a touch of nostalgia and a sense of personal history.','/static/uploads/prompts/4801b761-4c70-4252-a632-e9b7cfeedfbd.jpg','2025-09-23 17:38:11',2,1),(9,'Cinematic portrait','‎ ','Create a vertical portrait resolution 4:5 format using the exact same face features, characterized by stark cinematic lighting and intense contrast with a diagonal light hits half of the face making the other eye brown. Half body shot sitting with both arms touching the floor in a slanted position with a huge and adult dark maine coon cat curling on my other shoulder. Captured in a slightly low, Upward-facing angle looking at the camera that dramatized the subject\'s sharp jawline and neck, the composition evokes quite dominance and sculptural elegance. The background is a deep, saturated crimson red,\r\ncreating a bold visual clash with the model\'s\r\nluminous skin and dark coat or jacket wearing black jeans. Make the visual 100% used from\r\nthe reference image face and no alteration on\r\nthe face. 4k image resolution. Make it hyper realistic.','/static/uploads/prompts/f077fee7-f783-4630-b3ee-9df346aae241.jpg','2025-09-23 17:44:14',2,1),(10,'Layered paper-cut','‎ ','Layered paper-cut illustration of a forest cabin with smoke rising, built with overlapping shapes in soft moss green and cherry red, handcrafted textures, subtle shadows between layers, clean vector edges, centered on a matte cream background, whimsical and modern visual storytelling','/static/uploads/prompts/f4de6a1d-952d-4d17-9ac3-9a03a2da58a4.jpg','2025-09-23 17:47:00',2,1),(11,'Cool Photography','‎ ','Cinematic editorial portrait of a man holding a burning newspaper, flames curling around the edges. He wears a sharp black suit. Dark background enhances the fire glow, with warm highlights on his clothes. Utra-detailed, high-contrast lighting.','/static/uploads/prompts/e6392e8c-58a3-4712-98c2-a3b8e458a35d.jpg','2025-09-23 17:49:15',2,1),(12,'Shadow photography','‎ ','A black-and-white aesthetic portrait of a stylish me(use my image with accurate face 100%) standards on the in Wall dramatic lighting. He is wearing an oversized dark coat, with messy, voluminous hair partially covering his face. His pose is emotional and introspective, with one hand near his mouth and his head slightlytm turned to the side. Shadow from a window fall across the wall behind him, creating a moody and artistic atmosphere. The overall vibes is mysterious, emotional','/static/uploads/prompts/07650fda-16a5-43d4-ae62-0ab8b8389c39.jpg','2025-09-23 17:50:50',2,1),(13,'3 Frame Image ( For Social Media Feed )','Cool Photography, Edit ','Model lying on white sheets, morning light, fresh skin glow, high fashion skincare editorial, Leica SL2 + 50mm f/1.4 -ar 9:16 -style raw --stylize 1000 --v 7','/static/uploads/prompts/4f89232a-1493-438b-9157-688bd7bfb6d1.jpg','2025-09-24 01:57:51',2,1),(14,'Luxury lifestyle Photography ','‎ ','[ 1 / 2 ]\r\n\r\nCreate a photo of me uses a prompt that combines specific elements to create a high-fashion, cinematic mood. It would specify a subject: a beautiful woman in a black one-shoulder dress; the setting: an upscale apartment with a dramatic nighttime cityscape view; and the lighting/color palette: a moody, vibrant mix of neon pinks and magentas.\r\n\r\n[2 / 2]\r\n\r\nThe prompt would also describe the composition and tone, asking for a direct gaze from the subject, a glass of wine as a prop, and a hyper-realistic, high-end photography style to create a feeling of luxury and urban sophistication.','/static/uploads/prompts/f604bf02-d643-46e1-bd16-2b97df70bee6.jpg','2025-09-24 02:00:10',2,1),(15,'Social media photography ','Dreami confidence girl','A dreamy, close-up portrait of a young woman with fair skin and tousled red hair, strands falling across her face, partially covering her green eyes. Soft expression, slightly parted pink lips. Blurred beige and white background with ethereal atmosphere. Gentle lighting highlighting skin texture and warm hair tones. Dark top, out of focus. Intimate, delicate, and timeless mood','/static/uploads/prompts/044d4e32-b734-4d4a-8b6a-3e89185cd24c.jpg','2025-09-24 02:02:49',2,1),(16,'Mirror Selfie ','Selfie with iPhone','Using this image create stylish young woman takes a mirror selfie indoors against a warm wooden background. She has long, sleek black hair with full straight bangs framing her face. Her skin is flawless and glowing, highlighted by the soft lighting of the room. She wears slim black rectangular sunglasses that give her a chic, mysterious look. Her outfit is a simple yet elegant white spaghetti strap top, showing her toned shoulders and arms.','/static/uploads/prompts/1af47afe-31af-41d4-a1eb-cdf0f1e05b9d.jpg','2025-09-24 02:04:32',2,1),(17,'Hug with celebrity 🤗','Social media photography ','Create a hyperrealistic vertical portrait shot in 1080x1920 format, with two subjects (one male, one female) posed in the same cinematic frame. Captured from a slightly low, upward-facing angle, the shot dramatizes their jawlines and necks, emphasizing sculptural elegance and quiet dominance.\r\n\r\nThe background is a deep, saturated crimson red, amplifying tension and contrast with the luminous skin tones and dark wardrobes. Lighting is tightly directional, casting warm golden highlights across one side of each face while the other side falls into velvety shadow, giving their features architectural sharpness.\r\n\r\nThe male subject wears a heavy wool or felt overcoat, its rough texture strongly defined against his smooth skin. The female subject wears a sharply tailored dark coat or minimalist high-fashion garment, its silhouette angular and modern. Both are styled minimally-no jewelry, no props-so the impact comes solely from light, shadow, posture, and expression.\r\n\r\nTheir expressions are cool and unreadable: eyes half-lidded, lips neutral, radiating detachment and quiet defiance. The close cropping and editorial tonal control create intimacy, tension, and a sense of contemporary isolation.\r\n\r\nThe composition evokes high fashion editorial photography, with hyper-modern masculinity and femininity in visual dialogue, framed through oppressive intimacy and stark cinematic lighting.','/static/uploads/prompts/9b9c81d3-d8b4-4c14-825c-2e42a9d556eb.jpg','2025-09-24 02:06:33',2,1),(18,'Photoshoot with flower on hand','Social media DP ','Boy prompt:create a Soft, sunlit portrait. Wearing white shirt with thin stripes & cream pants. Casual & comfy vibe blends with nature. Standing against plain wall with warm light & triangular sunlight patch casting shadows. Holding pastel sunflower bouquet. Gentle expression, loose hair, dreamy glow - serene, poetic, romantic AFTER combined two photo with together them posing in a romantic way','/static/uploads/prompts/ae092e46-8eef-4bfa-b384-87594fd27468.jpg','2025-09-24 02:10:35',2,1),(19,'Selfie with camera','90 style photography ','Create photo that I\'m taking a mirror selfie with my vintage camera inside my room wearing white spaghetti strap.','/static/uploads/prompts/fcba8656-6ca6-4546-be5b-6064e59d3f69.jpg','2025-09-24 02:13:37',2,1),(20,'Marketing Cover Image','Cover Artwork ','cinematic portrait, high fashion editorial, street style photography, viral Al visuals, photorealistic portraits, urban fashion shoot, cinematic lighting, dramatic styling, viral-worthy aesthetic, creative portraits, iconic fashion imagery, realistic DSLR look, editorial campaign, bold magazine cover visuals.','/static/uploads/prompts/746db0f2-aaac-4095-938a-c99f0d42361c.jpg','2025-09-24 02:16:00',2,3),(21,'Surreal cinematic','Social media photography, \r\n\r\nSurreal cinematic flowers in motion, dreamlike, photorealistic, scroll-stopping frames that feel alive, made for viral wonder','cinematic photography, surreal visuals, photorealistic flower art, dreamlike aesthetics, nature in motion, viral carousel, cinematic stills, floral surrealism, creative storytelling, flower series, fantasy realism, cinematic realism, scroll-stopping photography, artistic visuals, viral worthy shots, dreamy cinematic frames, save worthy art, surreal cinematic','/static/uploads/prompts/0d3d8966-38cf-49f8-a3a5-2cead624858c.jpg','2025-09-24 02:18:12',2,1),(22,'Own face selfie ','Selfie photography ','Using this photo create an breathtaking woman with porcelain skin and flawless makeup, featuring glossy peach lips and luminous eyes, one is blue and one is green (heterochromia). She has long wavy black with bangs hair styled with delicate white ribbons and a lace bow on top. She holds a pink digital camera close to the lens, showing her own reflection on the camera screen in focus. Her outfit is elegant with a floral corset-style dress, soft lighting enhancing her beauty. ++','/static/uploads/prompts/7d06582d-98aa-4cf8-8355-1e8c5ebdef33.jpg','2025-09-24 02:21:30',2,1),(23,'Nurture photoshoot ','‎ ','The image feels intentional and artistic, with elegant framing, crisp details, and painterly tones. A dreamy yet sophisticated visual balancing the organic beauty of nature with couture styling. Captured Leica SL2 + APO-Summicron-SL 90mm f/2, ISO.100, f/2, 1/250 sec. Vertical 9:16 aspect ratio.','/static/uploads/prompts/af95836e-3c30-4f4d-a1d6-1fb2ab838f09.jpg','2025-09-24 02:22:43',2,1),(24,'Nuture photography ','‎ ','The image feels intentional and artistic, with elegant framing, crisp details, and painterly tones. A dreamy yet sophisticated visual balancing the organic beauty of nature with couture styling. Captured Leica SL2 + APO-Summicron-SL 90mm f/2, ISO.100, f/2, 1/250 sec. Vertical 9:16 aspect ratio.','/static/uploads/prompts/ce02c15b-eaf4-4b76-8d7f-9b5a7ee04233.jpg','2025-09-24 02:24:00',2,1),(25,'Model style photography ','‎ ','Use model (the person in the image) you create a dark orange studio photo featuring a young man sitting casually on a metal folding chair with his legs cross. He\'s wearing a denim black baggy jeans, black t-shirt and black boots. The lightning is soft and minimal, producing sharp shadows and a moody atmosphere. His pose is relaxed, slightly leaning with one hand on the chair\'s backrest, his face turn to the side and modern aesthetic.','/static/uploads/prompts/bb0420f3-baf8-4b38-bbe7-6f6c89a941cc.jpg','2025-09-24 02:25:52',2,1),(26,'City look ','‎ ','Buatkan foto Seorang wanita muda dengan gaya streetwear modern, mengenakan crop top putih ketat dengan jaket denim dan celana cargo denim longgar, memakai sneakers warna putih. Berdiri dan melihat ke arah kamera dengan percaya diri di tengah kota futuristik dengan gedung pencakar langit kaca tinggi. Difoto dari sudut sangat rendah (frog perspective) dengan efek lensa fisheye, membuat gedung-gedung terlihat melengkung dramatis ke arah langit biru cerah tanpa awan','/static/uploads/prompts/32cd3504-8394-4666-bbbd-5b400835f82b.jpg','2025-09-24 02:27:04',2,1),(27,'Photoshoot with mobile','Mobile photography ','A trendy young woman squatting against a minimalist grey wall, taking a mirror selfie with a silver color phone cover (Iphone16). She wears ocean blue crop top and high-waisted black shorts, paired with chunky black platform boots and cozy white scrunched socks. Facial features must be same with photo given. Her accessories include layered silver rings, a chrome hearts necklace, dark narrow sunglasses, and large silver over-ear headphones. Her hair is styled in playful pigtails with braids, and she exudes a cool, confident attitude. A white duffle bag with black text \'HERMES\' sits beside her, and a half-finished iced coffee with a wooden straw is placed on the concrete floor. The aesthetic is edgy, modern, and effortlessly street-cool','/static/uploads/prompts/f330c945-735a-4992-8bae-5c166632a8c0.jpg','2025-09-24 02:30:42',2,1),(28,'Black and white style photography ','‎ ','Use the model (the person in the image) to create a black and white studio photo featuring a young man sitting casually on a metal folding chair with his legs cross. He\'s wearing a denim baggy jeans, black t-shirt and black boots. The lighting is soft and minimal, producing sharp shadows and a moody atmosphere. His pose is relaxed, slightly leaning with one hand on the chair\'s backrest, his face turn to the side. The background is plain, with a simple and modern aesthetic','/static/uploads/prompts/b80a10dc-f7eb-477d-bc4d-ae1e50908735.jpg','2025-09-24 02:33:19',2,1),(29,'Birthday celebration','‎ ','this is my face and my body don\'t change my face makes it real face and makes a picture of me wearing a black polo on top of a small dark wooden cable position next to a one layered white cake with number 20 lit candles casting a warm glow illuminating my face and the immediate surroundings facing the cake and leaning slightly forward the background is warm orange dim and a faded window figure behind me with the outlines of curtains and furniture. the overall mood is intimate and a bit melancholic, with soft, dramatic lighting','/static/uploads/prompts/58782d6e-5b26-4a6d-baf5-6bb0c3a944d6.jpg','2025-09-24 02:36:10',2,1),(30,'Walking in mall','City girl','I\'m walking through the bright glass corridor of the airport, passport and boarding pass in hand, ready for my next adventure. I\'m dressed in a loose white shirt paired with relaxed light trousers, keeping my look simple yet effortlessly stylish. A soft bucket hat shades part of my face, giving me a laid-back, travel-ready vibe. Over my shoulder hangs a pink Chanel bag with gold lettering, adding a touch of luxury to the casual outfit. As I glance back with a subtle smile, the scene captures that fleeting excitement of travel- the in-between moment just before stepping onto the plane.','/static/uploads/prompts/9bcf5c05-cdc2-49a9-840f-3eefff29593f.jpg','2025-09-24 02:39:32',2,1),(31,'Coffee shop photo','‎ ','Transforme esta imagem em uma bela foto espontânea de rua com um toque cinematográfico. A imagem deve ser tirada de um ângulo baixo, mostrando uma cafeteria vista através de uma parede de vidro transparente. A pessoa na foto está sentada em uma cadeira no centro do enquadramento, naturalmente alheia ao que está sendo fotografada, segurando uma xícara de café, enquanto olha casualmente para a rua. ','/static/uploads/prompts/c3385edc-6f88-4150-9266-8f5184cd44ac.jpg','2025-09-24 02:44:17',2,1),(32,'Photoshoot on chair ','White style ','Create an image from an original portrait. The person is sitting relaxed on a chair in a photography studio. Side view. Soft studio lighting emphasizes shadows and dimension. The person is holding a Starbucks coffee cup, looking forward. Dressed in all cream tones, wearing an oversized blazer, a cream mini skirt, white boots and fashionable sunglasses. The overall look gives a feeling of luxury, coolness and mystery. The style is neat and minimal, but still maintains fierceness and elegance.','/static/uploads/prompts/37901f61-d4f7-46ae-b94d-8ac604abc515.jpg','2025-09-24 02:56:33',2,1),(33,'Tv on Head 🙂‍↕️🗣️','‎ ','Famous vintage 80s photo, full body, An urban street view focusing on a Young woman with an old CR-TV television set as their head, dressed in a pink knitted dress, standing in sunny weather. 1982 film still from a movie shot with Mitchell FC 65 Camera, Super Panavision 70 Lenses, 65 mm, Digital Intermediate(4K), soft focus, authentic retro camera look. Futuristic cyberpunk cinematic style, neon-lit urban environments, high-tech dystopian atmosphere, dark sci-fi aesthetic, electric blue and pink neon colors, rain-soaked streets, futuristic cityscape, blade runner inspired, cybernetic enhancement themes, noir sci-fi mood, brown purse, eye level --ar 4:5 --s 250 --raw','/static/uploads/prompts/a1866a1b-858e-4019-b670-8f57891115c9.jpg','2025-09-24 03:00:28',2,2),(34,'Shot on playground ','‎ ','Create a photo of me posing confidently at a night sports field, standing in front of a green artificial turf football/soccer field with stadium lights illuminating the scene. She is wearing a brown fitted tank top, black denim shorts with a black belt, and carrying a small black shoulder bag. Her hair is styled casually with sunglasses resting on her head.','/static/uploads/prompts/8ecd6903-55c2-45a3-9f94-ed3394b9754c.jpg','2025-09-24 03:02:52',2,1),(35,'Look back Image : old images ','Look back','Ultra-realistic recreation of an old vintage photo, keeping the same original face (99% likeness, no alteration). Transform into a modern high-quality digital portrait with vibrant updated colors, smooth realistic skin textures, and natural lighting. The outfit and background should be upgraded into a clean, modern aesthetic while preserving the authenticity of the original pose and expression.\"','/static/uploads/prompts/6fd8a987-34c6-4496-8a6f-836f26524181.jpg','2025-09-24 03:07:42',2,2),(36,'Cafe shot','Photo on cafe','A cinematic indoor portrait of a man seated at a weathered wooden table in the historic Indian Coffee House on College Street. The high ceilings, vintage fans, and yellowed walls form the nostalgic backdrop. A steaming cup rests on the table, soft tendrils of vapor curling upward into the warm air. He leans slightly forward, hands loosely clasped, a quiet thoughtfulness in his gaze. The light is warm, filtered through old glass windows, casting long shadows across the tiled floor. The frame feels timeless, intellectual, and poetic, with ultra-real textures of the room captured like a living memory.','/static/uploads/prompts/9121b5c5-20c9-4eeb-9b11-91adaededede.jpg','2025-09-24 03:23:03',2,1),(37,'Photo on birthday ','‎ ','A warm birthday celebration scene with golden and white balloons arranged in an arch, fairy lights hanging on the wall, and a \'Happy Birthday\' banner in gold letters. The soft, glowing lights create a cozy and festive atmosphere. A white cake with lit candles is being held in the center of the scene. Replace the person in the photo with me, holding the cake, blending naturally with the same lighting, style, and joyful vibe','/static/uploads/prompts/87d16116-1b02-400d-8e36-cf5206612616.jpg','2025-09-24 03:24:40',2,1),(38,'Photography with car','Model style photography with car ','Hyper-realistic cinematic portrait of a young man with royal confidence beside a black BMW M4. One hand on the hood, other behind his back aristocratically. Regal attire: dark trousers, black frock coat over slightly unbuttoned linen shirt, polished shoes, rectangle sunglasses, styled hair. Mistygolden-amber mountains at dusk, warm glow on his silhouette, reflections on the car. Atmosphere ofmodern royalty, luxury, and power. (Use the 100% match face with provided image)','/static/uploads/prompts/0c852517-46c3-411a-915e-c1333be503e7.jpg','2025-09-24 03:25:46',2,1),(39,'Model style photography ','‎ ','Create a retro-modern cinematic image with subtle film grain and soft golden sunlight rays. The boy is styled in a Gen-Z creative influencer aesthetic: an oversized maroon shirt with a slightly silky texture, half-tucked into off-white wide-leg trousers that balance casual streetwear with polished tailoring. Footwear combines chunky sneakers with a sleek, designer edge. Accessories include layered minimalist jewelry, a slim belt, a crossbody bag, and subtle statement rings.','/static/uploads/prompts/4d779d85-bb2b-4df8-8288-769778d0a5b6.jpg','2025-09-24 03:27:01',2,1),(40,'Shot on nuture ','‎ ','Create this image in a portrait of a young man standing among pink roses, cinematic atmosphere, pink-white tones, soft natural light, black hair blowing in the wind partially covering her face, detailed textures, ethereal mood, high-fashion magazine style photography, ultra realistic, 85mm lens, depth of field, 8k. Use the uploaded image for the boy face. No face distortion, no loss identity, no face morphing.','/static/uploads/prompts/6ea8b2e9-60c1-4e89-b273-3a649db91e72.jpg','2025-09-24 03:28:20',2,1),(41,'Ma Durga Pooja art graphic ','Ma Durga Pooja ','22 years old girl the uploaded person\'s face, perfectly blended into the body, pose, clothes, and background of this scene: a joyful girl in a red and white saree dancing with a clay incense pot (dhunuchi) in her hand, festive gulaal marks on her cheeks, silver jewelry and bangles. Smoke rises around her with a blurred Durga idol in the background, red stairs, traditional Durga Puja setting. Replace only the face with the uploaded image, keep everything else 100% matching my face','/static/uploads/prompts/c675e011-9ec9-49f5-8613-1e9c2d122162.jpg','2025-09-24 03:29:46',2,1),(42,'Luxury car photo shoot ','‎ ','A stylish young man posing confidently at a Shell gas station at night, leaning on a modified black Honda sports car with scissor doors open upwards. The car has a sleek, glossy finish with custom wheels and a lowered body. The man is wearing casual streetwear white t-shirt, black jacket, dark jeans, black sunglasses and white Adidas sneakers. Bright gas station lights reflect on the car\'s surface, creating a cinematic, cinematic light effect 100% matching my face 22 years old','/static/uploads/prompts/86c674c7-0168-49bb-bd19-a09e084a4d1b.jpg','2025-09-24 03:31:14',2,1),(43,'Influencer type photo shoot ','‎ ','A stylish man with a muscular build leans against a concrete wall in an urban, industrial setting(use reference photo 100% matched face). He is wearing a sharp white suit with a matching blazer and trousers, paired with a deep maroon dress shirt underneath. The shirt is unbuttoned at the top, adding a bold and confident vibe','/static/uploads/prompts/2d0e0d64-d7b3-42d3-839a-a75a894aeec4.jpg','2025-09-24 03:35:45',2,1),(44,'Photo near wall','Sexy look photo ','Ultra realistic cinematic full frame wide photo of me(hight- 5\'9\"), with the exact same face and hairstyle as the uploaded image. Casual City Stroll (Portrait Shot) Me leaning against a textured wall with hands in pockets, relaxed and effortless. I am wearing a dusty rose formal shirt, tailored trousers, and dark sunglasses. Portrait shot with moody shadows and blurred city steps creating atmosphere. My face details, beard, eyes, and lips are exactly the same as they are in real life','/static/uploads/prompts/f9ae670a-9664-443c-9bad-cbfe1f8b4c5b.jpg','2025-09-24 03:37:57',2,1),(45,'Influencer type photo ','‎ ','Full body fashion portrait of a model, using the exact face and hairstyle from the uploaded reference photo, preserving all facial details, structure, and hair texture. The model wears a chunky oversized textured sweater, loose cargo pants, and bold sneakers. Captured from a low-angle perspective that emphasizes height and dominance.','/static/uploads/prompts/09d08e8c-762e-4cde-8623-e514f3fe81ef.jpg','2025-09-24 03:39:29',2,1),(46,'Model Women ','‎ ','Create this image in a close up portrait of a young woman based on the image, wearing a saree, revealing her full curvy belly. standing among pink roses, cinematic atmosphere, pink-white tones, soft natural light, black hair blowing in the wind covering her half face, detailed textures, ethereal mood, high-fashion magazine style photography, ultra realistic, 85mm lens, depth of field, 8k. Use the uploaded image for the girl face. No face distortion, no loss identity, no face morphing.','/static/uploads/prompts/67889c92-df75-4d64-bc47-383485a496c3.jpg','2025-09-24 03:40:50',2,1),(47,'Standing on City','‎ ','4K ultra-realistic portrait of a 28-year-old handsome Indian man, 5\'8\", fit build, stylish messy hair, sharp jawline, bold direct gaze. Wearing oversized olive green cotton shirt with rolled sleeves, white relaxed cargo pants, off-white chunky sneakers, premium sunglasses, minimal black watch on left wrist. Confident posture, one hand in pocket, other relaxed by side. Background: beautiful night view','/static/uploads/prompts/d730f676-f382-4436-91de-4e581437ecd7.jpg','2025-09-24 03:42:03',2,1),(48,'Bike shot with newspaper ','‎ ','100% matching my face the person\'s face exactly the same without changes. Generate an ultra-realistic 8K cinematic photo where this person is sitting on a black Royal Enfield motorcycle, holding an open newspaper. Outfit: mustard-brown jacket, black trousers, brown leather shoes. Background: rustic rural house with greenery, soft cloudy daylight. Apply the same cinematic colour grading as the reference photo - muted tones, slight vintage warmth, soft highlights black sunglasses 22 years old','/static/uploads/prompts/455f1fab-de2f-47b7-93d4-df04ade8ac21.jpg','2025-09-24 03:43:34',2,1),(49,'Model shot ','‎ ','Ultra HD 8K hyper-realistic full-body portrait of a young man in a charcoal grey ribbed turtleneck with dark navy trousers and glossy black boots. Pose: sitting on the edge of a low wooden box, elbows resting on knees, fingers interlocked, leaning slightly forward, piercing gaze into the camera. Lighting: high-contrast cinematic low-key with spotlight from left, sharp shadow falling across the right side of face and torso.','/static/uploads/prompts/729fd6f5-b961-4483-9918-7965bc43a412.jpg','2025-09-24 04:04:52',2,1),(52,'Ghibli Art ','Make Ghibli art here is prompts for you ','A young man taking a selfie in a wide open field, drawn in Studio Ghibli anime style. Soft pastel colors, warm lighting, hand-painted watercolor background, detailed grassy plains with distant mountains','/static/uploads/prompts/28537063-f204-4cc5-a981-b50f348a6d0d.png','2025-09-24 07:57:23',2,1),(53,'Photo with Leon ','Make professional Ai generated image using Google','Create a hyper realistic 8K portrait of a stylish man stands beside a Lion, gently caressing its face with affection. He is wearing a quilted Grey jacket over a black t-shirt and black pants, black sunglasses. His expression is calm and focused, showing a strong bond with the Lion. The background is softly blurred with green trees and natural daylight, giving the scene a cinematic and warm atmosphere 100% matching my face','/static/uploads/prompts/dfb93f81-349f-4cd2-a7ae-d08599d9171a.jpg','2025-09-24 08:03:33',2,2),(54,'Selfie on sky','Make AI generated image on sky with parachute riding','Aerial shot of [reference man on the photo] paragliding over a vibrant tropical coastline - High-resolution action photography, wide-angle lens, low perspective from a selfie stick, full-body shot of [reference man on the photo] against the expansive ocean and coast. [reference man on the photo] is suspended in a paragliding harness, legs dangling, holding a selfie stick in his left hand pointing towards himself, and a paragliding control handle in his right.\r\n\r\nHe has a neutral looking directly at the camera, [maintain hair character on the photo]. Clothing: black boxy t-shirt, black baggy cargo pants, white crew socks with a black logo, and blue, white, and black high-top sneakers. He is secured in a black paragliding harness. Setting: high above a stunning turquoise ocean with visible coral reefs, a long, pristine sandy beach, a town with white buildings, and lush green hills and mountains in the background.\r\n\r\nThe sky is overcast with soft, diffused clouds. Camera: wide-angle action camera, held on a selfie stick, high dynamic range. Lighting: bright, soft, diffused natural daylight from an overcast sky, ensuring even illumination without harsh shadows. Mood: exhilarating, joyful, adventurous, vibrant, carefree. Color palette: vivid blues, turquoises, bright greens, vibrant reds, whites, and soft greys. Style/technical details: ultra-realistic, hyper-detailed,\r\n\r\nsharp focus on the subject and background, professional action photography, 8k. Post-processing: natural color grading, crisp details, no artificial filters, sharp image. Negative prompt: text, watermark, blurred, low quality, bad anatomy, deformed limbs, extra fingers, malformed face, mutated, ugly, cartoon, painting, illustration, oversaturated, dull colors.','/static/uploads/prompts/c39457eb-711b-44b6-96c1-b7af67400374.jpg','2025-09-24 08:06:05',2,2),(55,'Model style photography ','Model style photography ','A stylish man in a sleek, all-white outfit poses confidently against a pitch-white house background. He wears a tailored white suit, a white shirt with the top buttons open, and a subtle silver chain around his neck. He sports white sunglasses, exuding charisma and mystery. A luxury wristwatch glints on his left wrist. The lighting is dramatic, highlighting his facial features and casting soft shadows, creating a bold, high-fashion editorial hairstyle.. My Uploaded Face, Reference Face Match 100%.','/static/uploads/prompts/23798ed7-9438-4748-95df-3d7c18567982.jpg','2025-09-24 08:08:01',2,1),(56,'Nawab ','Make own image with Nawab texts','A stylish young man in a modern urban streetwear shoot sits in front of a bold yellow graffiti wall with black text and graphic elements. He wears an oversized light gray long-sleeved shirt with large yellow and black text print that says \\\"NAWAB\\\", loose-fitting khaki cargo pants, and chunky gray sneakers with yellow details. His accessories include a gold chain necklace and small yellow earrings. The atmosphere is edgy, trendy, and creative, with high-contrast colors.','/static/uploads/prompts/4fd54bf0-0cf2-46bc-818c-8cc3f6827b41.jpg','2025-09-24 08:09:34',2,1),(57,'full-body portrait of a male','Panjabi men 🗣️😛💥','Hyper-realistic 8K full-body portrait of a male with your 100% uploaded face reference, naturally proportioned. The man is captured mid-step walking down a narrow street, head tilted upward with a thoughtful gaze. His right hand loosely holds a cigarette, while his left arm swings slightly with the stride. He wears a traditional outfit: crisp white kurta and dhoti, layered with a dark textured shawl draped across one shoulder, fabric folds moving naturally with his walk.Footwear: simple sandals.','/static/uploads/prompts/b145b51a-2a4a-41aa-84db-c4a75125c957.jpg','2025-09-24 08:11:05',2,1),(58,'Royal looks ','🐎','High-fashion editorial photo. Use attached image as base, preserve subject\'s identity, glasses, hair, facial features. Patterned, knit a white shirt, slightly unbuttoned, polished shoes. Subject reclines casually on left side sofa, torso leaned back legs extended. One hand holds a long stem red rose near cheek/chest (not covering eyes), other hand rests on sofa/torso. Scatter 3-5 roses/petals on sofa. Expression calm, confident, playful/mischievous, direct eye contact. Mid shot,','/static/uploads/prompts/3467b149-6455-4ad6-88c0-760a64af12b5.jpg','2025-09-24 08:13:04',2,1),(59,'Photography on desert 🏜️🏝️','🏝️🏜️','Ultra-realistic outdoor fashion photoshoot of a seductive female model wearing bold fur and leather ensembles. The scene is set in a romantic yet arousing outdoor location-a cliffside overlooking the ocean at dusk, glowing city rooftops at night, or a fire-lit courtyard. The model strikes intimate, powerful poses: leaning against stone walls, walking with confidence, or lounging on fur-draped seating. Lighting is dramatic golden sunset glow, fire embers, or neon reflections-highlighting the shine of leather and softness of fur. The mood is provocative, fashionable, and intoxicatingly hot, styled in the spirit of a Vogue-meets-luxury seduction campaign.','/static/uploads/prompts/31db0f70-34e8-4264-a958-febd361f07bc.jpg','2025-09-24 08:15:37',2,1),(62,'Alon arts ','Here is for flex 💪','Ultra-realistic 8K cinematic portrait of [YOUR FACE 100%], man walking alone on a moody shoreline at dusk. Dressed in a black overcoat, black trousers, and leather boots, his figure gradually dissolves into drifting black smoke on the left side of his body like slowly his body is mixing/fadeing with the dust. Hands positioned naturally: left hand brushing against the lips thoughtfully, right arm relaxed at his side. Alone vibe','/static/uploads/prompts/92f25667-ae13-41b4-ada8-7fe3a2f7d274.jpg','2025-09-24 08:19:47',2,1),(63,'Just going on top 💪','They say it\'s Ai ☹️','Ultra-realistic 8K natural documentary photo, taken with a professional DSLR. A muscular man [use attached photo for 100% accurate face likeness] is climbing the cliff of Pulpit Rock (Preikestolen), Stavanger Fjord, Norway. He wears a simple fitted t-shirt that shows his tense arm and back muscles, veins and sweat visible under natural daylight. His expression is focused and determined. Equipped with real climbing gear - harness, rope, chalk bag, and professional climbing shoes.','/static/uploads/prompts/bc8da44c-e025-437c-8c04-e04b8fc4a39a.jpg','2025-09-24 08:21:13',2,1),(64,'Motivation mirror look image ','Be the change you wish to see in the yourself ','A poor, disheveled man(use uploaded image without tempering with the face) stands in front of a full-body mirror by facing the mirror with only his back showing while looking at his own reflection. In reality, his clothes worn out and dressed in shabby clothes, but in the reflection he appears handsome, elegant, and wearing a luxurious black Mosca\'s suits constructed in the style of bespoke Italian tailoring, looking rich and graceful with a nice low cut.','/static/uploads/prompts/88872c1e-845d-44e9-a70f-b4b5caab81a1.jpg','2025-09-24 08:23:00',2,1),(65,'Photography with horse ','‎ ','A hyper-realistic fullbody DSLRstyle portrait of a powerful man (use the provided face 100% accurately) standing confidently next to a majestic black horse. The man holds the horse rope firmly, exuding authority & regal charisma, like a true leader. The setting should have a royal and commanding atmosphere, emphasizing strength, pride, and elegance. The focus should be sharp and professional, with natural lighting enhancing details. The horse must look stunning, elegant, and majestic, perfectlly','/static/uploads/prompts/fc1511d9-406d-4e9e-baf9-a23c0b2cfc58.jpg','2025-09-24 08:24:53',2,1),(66,'Celebrity style photography ','🔥','Vertical 3:4 cinematic overhead portrait. A young businessman me in a beige suit with sky-blue shirt steps from a luxury car, adjusting his jacket. Sky-blue Wayfarers, wristwatch, two security guards beside him-razor sharp. Blurred media crowd, city bokeh and soft golden light. Billionaire lifestyle vibe, maximum realism, ultra-detailed, mobile-optimized','/static/uploads/prompts/7405836d-c3c3-4993-aa8d-25407961590f.jpg','2025-09-24 08:27:01',2,1),(67,'Photo on cow house ','.','Ultra-realistic editorial fashion photoshoot of an Indian female model in an open field with tall dusky grasses and rustic old wooden railings. She wears a white bohemian off-shoulder co-ord set with a smocked crop top and flowing maxi skirt, styled with a woven basket bag, round sunglasses, and headband.','/static/uploads/prompts/4bcc3b50-b673-4bb2-9796-811fde9b5892.jpg','2025-09-24 08:28:25',2,1),(68,'Shoot on dark','.','A cinematic portrait, looking directly into the camera with a consistent, confident expression. He\'s dressed in a scene-inspired style: an oversized dark t-shirt, loose black jeans, classic sneakers, and accessories like metal rings or bracelets. He\'s sitting relaxed and cool in a black studio with dramatic thick white smoke and contrasting lighting. Realistic, high-detail photography, with an artistic, editorial-style fashion shot using a fish-eye lens from above.','/static/uploads/prompts/4c9df6aa-1141-4550-8326-20a97b3982fb.jpg','2025-09-24 08:29:25',2,1),(69,'Celebrity style photoshoot','.','Elegant Indian female model wearing a flowing black designer gown with cross-strap neckline and high slit, fabric dramatically spread in motion, silver heels, confident and glamorous expression, multiple pose variations (arms raised, one leg forward, twirl, seated elegance), close-up and full-body angles, cinematic studio lighting, smooth grey backdrop, high-fashion editorial vibe, 8k ultra-photorealistic, sharp details, fashion magazine aesthetic','/static/uploads/prompts/16f78ab1-1ca0-42ad-98e4-66401c0f8b7b.jpg','2025-09-24 08:32:04',2,1),(70,'Burning letter photography ','Create high realistic professional photo ','A cinematic, emotional triptych photo collage of a handsome (use uploaded photo), 1920s-inspired man with dark hair and sharp features, captured in chiaroscuro lighting. Top Panel: An intense close-up of his face, eyes downcast with a somber, conflicted expression, dressed in a dark suit and white shirt collar. Middle Panel: His hands hold a white envelope burning with bright flame, while his blurred face lingers in the background, shallow depth of field emphasizing destruction.','/static/uploads/prompts/e5083a57-8f8e-4e2a-9573-8d9cfd959b98.jpg','2025-09-24 08:34:04',2,1),(71,'South style photoshoot ','.','a man with a beard and mustache, wearing sunglasses, a dark green or black collared shirt, and a white mundu with a golden border. He is sitting on the bumper of an olive green vintage Willys black BMW, with his left leg propped up on the front fender. He is leaning slightly forward, resting his left arm on his knee, and his right hand is casually placed on the mundu. The lighting is dramatic, with a bright spotlight shining down from above, creating a strong contrast of  ( OBJ )','/static/uploads/prompts/3786f32f-d6ad-4db8-b00c-fa3ff9bf0018.jpg','2025-09-24 08:35:30',2,1),(73,'A modern man : Dubai residency look','If you are not rich then use this prompts ','A stylish man (exactly 100% same face as\r\n\r\nreference )with a rugged, charismatic look, standing outdoors in a cinematic setting. His hair is short, spiky, and colored in a striking silver-grey tone, with sharp, textured layers giving a modern edgy appearance. He has a neatly trimmed salt-and-pepper beard and stubble, adding to his mature and bold aura. He is wearing a sleek black coat with the collar slightly turned up, exuding confidence and authority. Around his neck, there are','/static/uploads/prompts/bb81a4b1-bf2c-4025-a572-a7ec7b73d434.jpg','2025-09-24 08:39:32',2,1),(74,'Sadi women ','.','A graceful Bengali bride draped in a traditional red saree in ek porda dawya style, her designer blouse shining with intricate embroidery. enhancing her serene bridal glow. She holds a rose close to her face. The ambience is royal yet simple, glowing with soft golden light, capturing the timeless charm of Bengali bridal tradition. There should be no vermilion on the forehead or head.\r\n\r\n100% matching my face','/static/uploads/prompts/2c9ef617-4112-4b04-8ae1-44c55e261389.jpg','2025-09-24 08:41:46',2,1),(75,'Men with car','.','Hyper-realistic 8K cinematic full-body portrait of a very handsome young Indian man in his early 21s. Use uploaded reference image for exact face and hairstyle-hair perfectly styled. Leaning casually against the open door of a sleek modern luxury red BMW car at night, one leg slightly bent, one hand resting on the car roof, other hand relaxed by his side.','/static/uploads/prompts/ea1f46cf-154a-4753-8d17-294e70a7edd5.jpg','2025-09-24 08:42:55',2,1),(76,'Stylish men ','.','Imagen cinematográfica retro-moderna con un sutil grano de película y suaves rayos de sol dorados. Trabajando con las facciones faciales idénticas. El estilo del modelo sigue la estética de los influencers creativos de la Generación Z: una camisa granate de gran tamaño y textura ligeramente sedosa, semientallada en unos pantalones de pata ancha color hueso que combinan el estilo urbano informal con la sastrería refinada. El calzado combina zapatillas gruesas con un toque elegante de diseño. Los accesorios incluyen joyas minimalistas en capas, un cinturón fino, un bolso cruzado y sutiles anillos.','/static/uploads/prompts/8b6eb3ac-2e2a-4220-9803-5ea85fe7121c.jpg','2025-09-24 08:44:27',2,1),(77,'Too much money 💰','.','Person\'s face is preserved exactly as uploaded. They sit triumphantly atop a massive, chaotic pile of money, one leg extended forward and the other bent with foot perched high, leaning back slightly to radiate effortless dominance. One hand drapes casually over the knee while the other holds a striking designer accessory, like a chain, watch, or ring, projecting attitude','/static/uploads/prompts/01a07520-0c29-4035-80c3-599eecb3e0fe.jpg','2025-09-24 08:47:07',2,1),(79,'Black style photography ','.','A black-and-white aesthetic portrait of a stylish me (use my image with accurate face 100%) sitting on the floor in dramatic lighting. He is wearing an oversized dark coat, with messy, voluminous hair partially covering his face. His pose is emotional and introspective, with one hand near his mouth and his head slightly turned to the side. Shadows from a window fall across the wall behind him, creating a moody and artistic atmosphere. The overall vibe is mysterious, emotional, and cinematic.','/static/uploads/prompts/11a5e969-e714-4fa0-be1d-456e9ba36087.jpg','2025-09-24 08:58:15',2,1),(80,'Own look 3D Art','Create a 3D caricature of yourself using Gemini Nano banana.','A highly stylized 3D caricature of me, with expressive facial features, and playful exaggeration. Rendered in a smooth, polished style with clean materials and soft ambient lighting. Bold color background to emphasize the character\'s charm and presence.','/static/uploads/prompts/fce65930-c30a-47d8-824c-7d9d0974e804.jpg','2025-09-24 15:01:13',2,2),(81,'3D action -  packed advertisement','Create cinematic 3D action-packed advertisement of your product using Gemini (Nano banana).','A breathtaking, cinematic 3D advertisement for [PRODUCT]. Frame a **dramatic mid-motion scene** that captures its explosive energy in a single, frozen moment. The lighting is **high-key and bold**, with **glistening specular highlights** and **deep, inky shadows** that sculpt the product. The scene is saturated with **dynamic, chaotic particles**-like shattering glass or a burst of cosmic dust-that trails behind the product in a **hyper-detailed slow-motion blur**. The environment is a **surreal, hyperrealistic landscape** that mirrors the product\'s core essence (e.g., a crystalline cavern for a \'crunchy\' product, an ethereal neon cityscape for \'energetic\'). The brand logo, meticulously constructed from the product\'s own elements, appears to be forged from the motion itself. Below it, a **bold, minimalist slogan** is rendered in a sleek font that harmonizes with the scene\'s dynamic energy. **1:1 aspect ratio**, **hyper-detailed**, **crystal-sharp focus**, and **vibrantly bold colors** for a striking, viral-ready image.','/static/uploads/prompts/80d854d1-1fe0-4e24-88ce-f31027a3f041.jpg','2025-09-24 15:05:12',2,3),(82,'X-ray scan','Make professional x-ray scan on any type object.','An X-ray scan of a steampunk cat, bones and internal structures glowing in neon orange and violet against a matte black field. Scientific overlay graphics and scan metadata give it a medical sci-fi twist.\r\n\r\n--ar 3:2 --v 7','/static/uploads/prompts/f38c4039-6d6a-406c-9a39-6da0a3148b36.jpg','2025-09-24 15:09:00',2,5),(83,'3D action figure ','Nano Banana 3D Action Figure','create a 1/7 scale commercialized figure of thecharacter in the illustration, in a realistic styie and environment.Place the figure on a computer desk, using a circular transparent acrylic base without any text.On the computer screen, display the ZBrush modeling process of the figure.Next to the computer screen, place a BANDAI- style toy packaging box printedwith the original artwork.','/static/uploads/prompts/2aa9709d-a5f6-4f0e-b326-aedb411b4384.jpg','2025-09-24 15:11:15',2,5),(84,'Airline Edition','Tools: Nano banana or seedream 4','P1\r\n\r\nUse [CHARACTER_PHOTOJ. 3:4. Studio color [STUDIO COLOR]. Subject sits on a hard-shell suitcase, holding a toy plane. Outfit [CLOTHING_COLOR]. Place large clean [LOGO IMAGE] on suitcase. Hyper-real, soft light, product-ad vibe.\r\n\r\nP2\r\n\r\n3:4 product shot on [STUDIO COLOR] studio. Close-up hard-shell suitcase with glossy finish. Big centered [LOGO_IMAGE] on front. Add airplane-window cutout showing sky and clouds. Clean luxury ad lighting.\r\n\r\nP3\r\n\r\nUse [CHARACTER PHOTO]. 3:4. Backdrop [STUDIO COLOR]. Dress as airline pilot in [CLOTHING COLOR], cap and stripes; confident half-body pose tipping cap. Oversized [LOGO IMAGE] on wall behind. Photoreal, soft key light.\r\n\r\nP4\r\n\r\nUse [CHARACTER PHOTO]. 3:4. Minimal airplane-door set in [STUDIO COLOR] studio. Subject steps out pulling suitcase; outfit [CLOTHING COLOR], clean sneakers. Large [LOGO IMAGE] on wall. Ultra-real, crisn shadows nremium ad feel','/static/uploads/prompts/ef65aefb-4272-4ed0-83c3-3c361692aac4.jpg','2025-09-24 15:56:48',2,5),(85,'Social media post layout.','Make releted frame according your need','Create a stylized 3D chibi character based on the attached photo, accurately preserving the subject\'s facial features and clothing details. The character is making a finger heart with the left hand (with a red heart element above the fingers) and playfully sitting on the edge of a giant Instagram frame, with both legs hanging outside the frame. The top of the frame displays the username \"Beauty,\" and various social media icons (like, comment, share) float around the scene','/static/uploads/prompts/4c0f68f8-acb4-4533-bb99-49f3e38cc969.jpg','2025-09-24 16:01:57',2,5),(86,'Marketing campaign ','Built with Nano Banana, perfect for a marketing ad campaign','A high-quality studio photograph of a [BRAND] fully covered in ultra-realistic [ANIMAL] texture (e.g., fur, feathers, skin, or scales), placed against a soft neutral background. The object\'s original shape, key design elements, and brand identity remain clearly visible beneath the animal\'s organic surface. Integrate the official logo of the brand prominently into the composition. Automatically generate a compelling and brand-appropriate slogan that draws symbolic inspiration from the animal\'s qualities and matches the tone of a premium advertising campaign. The image must feature clean composition, soft shadows, minimalist styling, professional lighting, and highly detailed textures-each hair, scale, or wrinkle should be visible in sharp detail. Format 1:1.','/static/uploads/prompts/37bee893-2829-4265-b0be-d6b517880dbf.jpg','2025-09-24 16:12:37',2,3),(87,'Space Travel','Love the glowing light and gradient! ✨','Four-panel sci-fi artwork of an astronaut standing on the surface of a dark, rocky planet under a colossal gas giant with glowing rings. The color palette shifts from deep dark blue to silver gradients, accented by a pink neon glow along the planet\'s rings. Each panel shows a different cinematic angle: the astronaut silhouetted against the massive glowing arc, standing beneath the looming planet with radiant rings, watching the horizon split by luminous bands, and a close-up of the astronaut gazing upward. The atmosphere is majestic, futuristic, and otherworldly.','/static/uploads/prompts/904fdb7e-c592-492c-89c7-ddf3b796d2be.jpg','2025-09-25 01:30:12',2,1),(88,'Girl painting illusion ','Children\'s book illustration.','Whimsical children\'s book illustration of a young witch planting magical seeds, soft and simple aesthetic, bright and cheerful colors, gentle textures, in the style of Clémence Guillemaud, storybook charm, imaginative and playful atmosphere. --ar 3:2--v 7','/static/uploads/prompts/018238a6-89d9-44f4-82aa-abde885c3387.jpg','2025-09-25 01:32:02',2,1),(89,'Disney style cartoon ','Midjourney V7','--chaos 17 --ar 3:4 --exp 15 --sref 4023142728 --sw 200 --stylize 500','/static/uploads/prompts/11c4268d-f4b8-4e21-80d8-33250a6338dc.jpg','2025-09-25 01:35:11',2,1),(90,'hyper-realistic, high-fashion photograph','The Stylist. The absolute king of textures! The detail on the dress fringe is insane and has a super trendy, polished look.','hyper-realistic, high-fashion photograph taken on a sun-drenched, private beach. The image captures a stunning, elegant woman, seen in side profile, with her hand gently caressing the muzzle of a majestic, jet-black horse. The woman wears a captivating, intricate black gown with translucent, lace sleeves and a flowing, layered fringe skirt. Her hair is pulled back into a sleek, elegant ponytail that glistens in the bright sunlight, and her statement earrings sparkle.\r\n\r\nIn the background, positioned a grassy bluff overlooking the beach,. The sky is a brilliant,\r\n\r\nclear blue, and the ocean is a vibrant turquoise, with gentle waves lapping at the shore below. The lighting is natural and bright, as if taken on a sunny afternoon, highlighting the rich textures of the gown and the horse\'s coat The overall aesthetic is one of high-end fashion, profound connection, and raw, elegant beauty, with the modern house adding a touch of sophisticated, powerful luxury to the scene.','/static/uploads/prompts/0927ee44-6b04-4176-af43-b6c157a38060.jpg','2025-09-25 01:38:49',2,1),(91,'Keycaps on hyperealistic jangel look','Seedream 4.0 4K turns tiny keycaps into endless worlds packed with detail.','Macro photograph of a computer keyboard with [KEYCAP STYLE] keycaps. Inside each transparent mechanical key switch is a tiny, ultra-detailed miniature room - complete with [ROOM ELEMENTS: e.g. bed, furniture, bookshelves, plants, lighting]. The mini rooms are rich in color and style, resembling [REFERENCE STYLE: e.g. dollhouses, cyberpunk pods, futuristic labs], with lifelike details and a [MOOD/VIBE]. The focus is sharp on the keyboard and the intricate scenes inside the keys, with a [BACKGROUND STYLE] background and a sense of [ATMOSPHERE]. Highly detailed, macro photography style.','/static/uploads/prompts/87c6d487-c518-4c55-ac89-15ac633ae471.jpg','2025-09-25 01:44:53',2,3),(92,'Manga look','consistently with different scenes:','Same character and scene depicted in two different contrasting medias, into two separate strips: at the top strip a black and white sketch-draft pencil drawing side view of a long-haired woman riding a motorcycle captured in motion blur, at the bottom strip a colorful comics illustration side view of a long-haired woman riding a motorcycle captured in motion blur --ar 4:5 --c 12 --raw --s 400 --v 7.0','/static/uploads/prompts/e76d66cf-e117-4657-b314-9f457e01b803.jpg','2025-09-25 02:00:47',2,1),(94,'Isometric Building','Need to upload an image containing the corresponding object','Make Image Daytime and Isometric [Building Only]','/static/uploads/prompts/ee561c8d-fcb7-46a2-8425-1befad44ac2b.jpg','2025-09-25 08:21:29',2,5),(95,'Check best hairstyle for your face using one own Image','Change Multiple Hairstyles','Generate avatars of this person with different hairstyles in a 3x3 grid format','/static/uploads/prompts/00944f39-62e9-4c6a-9568-e15bd62027d2.jpg','2025-09-25 08:25:17',2,5),(96,'Custom Marble Sculpture','Need to upload a reference image','Draw [3D human organ model display example heart] for academic presentation, with annotations and explanations, suitable for showcasing its principles and [each organ\'s] functions, very realistic, highly detailed, with extremely fine design.','/static/uploads/prompts/372951ac-70a3-45ff-874d-0c4852c51821.jpg','2025-09-25 08:35:34',2,5),(97,'Movie Storyboard','Need to upload reference image','Create an addictively intriguing 12 part story with 12 images with these two characters in a classic black and white film noir detective story. Make it about missing treasure that they get clues for throughout and then finally discover. The story is thrilling throughout with emotional highs and lows and ending on a great twist and high note. Do not include any words or text on the images but tell the story purely through the imagery itself.','/static/uploads/prompts/a10bf759-1876-49a0-8c77-c251ef99c1b7.jpg','2025-09-25 08:37:41',2,5),(98,'Typographic Illustration Generation','Change the text in [brackets] to the desired text','Create a minimalist black-and-white typographic illustration of the scene riding a bicycle using only the letters in the phrase [\'riding a bicycle\'] . Each letter should be creatively shaped or positioned to form the rider, the bicycle, and a sense of motion. The design should be clean, ultra-minimalist, and entirely composed of the modified [\'riding a bicycle\'] letters without adding any extra shapes or lines. The letters should flow or curve to mimic the natural form of the scene, while still remaining legible.','/static/uploads/prompts/c67ca686-8684-4b0d-91ab-a65680f5cdf8.jpg','2025-09-25 08:43:36',2,2),(99,'Overlay Filter/Material','Overlay filters img','Overlay the [glass] effect from Image 2 onto the photo in Image 1','/static/uploads/prompts/2c2f74e8-432b-4ffe-bdb7-c7fd49fd7ac6.jpg','2025-09-25 08:49:14',2,1),(100,'Lighting Control','Need to upload a reference image and a lighting reference image','Change the character from Image 1 to the lighting from Image 2, with dark areas as shadows','/static/uploads/prompts/1b97881f-82e5-4033-88a9-e5ddd49f2184.jpg','2025-09-25 08:53:19',2,1),(101,'Hardware Exploded View','Create high realistic Hardware Exploded View','Exploded view of a DSLR showing all its accessories and internal components such as lens, filter,  internal components, lens, sensor, screws, buttons, viewfinder, housing, and circuit board. Maintain red accents of the DSLR','/static/uploads/prompts/405337a4-e10f-470c-877b-4d762f1962a9.jpg','2025-09-25 08:54:58',2,5),(102,'Model Holographic Projection','Model Holographic Projection, Replace the text inside [brackets] with your input character','Ultra-realistic product photo.  \r\nSubject: virtual holographic character [CHARACTER], floating above a circular hologram projector Ø120 mm placed on a modern desk.  \r\n\r\nProjection source rules:  \r\n- If input reference is a 3D object → show a desktop 3D scanner beside the projector.  \r\n  Place the reference object on the scanner plate.  \r\n  The hologram above the projector is generated from this scanned object.  \r\n- If input reference is a 2D image → show a modern PC with monitor on the desk.  \r\n  Display the reference image on the monitor screen.  \r\n  The hologram above the projector is generated from this screen content.  \r\n\r\nHologram rendering rules:  \r\n- Character always appears as a semi-transparent volumetric image, background faintly visible through.  \r\n- No beams, no particles, no solid statue surfaces.  \r\n- Balanced anatomy (1/7–1/8 head-to-body ratio), correct proportions.  \r\n- Natural pose with clear silhouette.  \r\n- Hair, outfit folds, and accessories visible but translucent.  \r\n- Face crisp and expressive, readable at 1000 px crop.  \r\n- No copyrighted characters, no branded designs, no IP logos.  \r\n\r\nEnvironment: modern desk with projector base + conditional device (scanner or monitor).  \r\nCamera: 85–100 mm lens, 3/4 hero angle, eye-level, f/11–f/16, ISO100, tripod.  \r\nLighting: desk softly illuminated; holographic figure defined only by volumetric light.  \r\nBackground: seamless black studio with subtle reflections.  \r\n\r\nOutput: 4:5, 2048×2560.  \r\n\r\nNegative: text-free, watermark-free, logo-free, brand-free, copyrighted characters, franchise IP, trademarked designs, resin, PVC, physical statue, opaque surfaces, toy gloss, beams, scanlines, dots, distortion, extra digits.  \r\nSampling: deterministic, seed=12345, temperature=0.','/static/uploads/prompts/0732c532-d0bb-4314-b726-9bf9f2265c7d.png','2025-09-25 08:58:19',2,1),(103,'Giant Figure Scaffolding','Create own Giant Figure Scaffolding','A hyper-realistic 3D render of the person in the image standing and taking a selfie. \r\nThe giant figure is surrounded by massive scaffolding, with many tiny construction workers working on it. \r\nThe scene is set in a city square, surrounded by modern buildings, moving vehicles (cars, buses), pedestrians, \r\nand a bright clear blue sky. The overall details are rich, presenting a photo-realistic texture with cinematic lighting effects.','/static/uploads/prompts/89ce8066-7fe0-4025-b224-a3d2c24f53b2.png','2025-09-25 09:01:32',2,1),(104,'Pirate Wanted','A reference image must be uploaded.','Using the original image, recreate a pirate\'s wanted poster drawn on parchment.\r\nBrown monochrome, with the texture of aged parchment.\r\nRetain the style and character design of the original image down to the smallest detail, and paste it large at the top of the wanted poster.\r\nA close-up of the face. Have the character wear a pirate hat.\r\nWrite the bounty amount at the bottom of the poster. The bounty amount will be random, and a fictitious currency unit will be used.\r\nBelow the bounty amount, write the crime in small letters. Use a fictitious language. English or Chinese characters may not be used.','/static/uploads/prompts/b499ec25-a281-44a8-bf62-981504bd8def.jpg','2025-09-25 09:04:07',2,3),(105,'shirt with glasses','Gemini Nano banana Prompt before it blows up.','Realistic heroic low-angle 3:4 shot of the character wearing a purple shirt with glasses, looking into the distance, neon beams in pink and orange curving across, the scene dark blue background with black gradient towards the left with airpods max around his neck.','/static/uploads/prompts/5fda64ec-61dd-46ac-b2f6-d2287ed8bd69.jpg','2025-09-25 18:26:12',2,5),(106,'panda with headphones','Hyper realistic cool panda with headphones ','Realistic heroic low-angle 3:4 shot of the character from uploaded image wearing a [purple ) shirt with glasses, looking into the distance, neon beams in [pink and orange】 curving across, the scene dark blue background with black gradient towards the left with airpods max around the character\'s neck.','/static/uploads/prompts/87dfe80c-bf15-4439-a586-665f74998c90.jpg','2025-09-25 18:27:26',2,5),(107,'origami version','Create A hyper-detailed origami version','A hyper-detailed origami version of [SUBJECT], folded from high-quality paper with crisp edges and realistic paper texture. Intricate folds capture its iconic shape and features in simplified geometric form. Placed on a clean studio surface with soft shadows. Minimalist collectible art style, photorealistic. 1080x1080 square.','/static/uploads/prompts/85179638-6c3e-4e6f-adbb-cdf546bc45e3.jpg','2025-09-25 18:29:51',2,2),(108,'Think art illusion ','Deep thinking Art ','Think of an idea that inspires you so deeply, you feel destined to make it happen. --chaos 25 --ar 16:9 --stylize 500','/static/uploads/prompts/0b8580b0-7557-47d3-af44-b486709abb12.jpg','2025-09-25 18:32:01',2,2),(109,'Animation artwork ','Make professional your own cartoon art dolls','\r\n\"A set of four separate, high-quality character sketches on a white background, each with a distinct artistic style and minimal background details.\r\n * Top left: A stylized, cartoonish sketch of Iron Man with a sarcastic smirk, in a dynamic pose. The art style should be reminiscent of Disney or Pixar concept art, with visible pencil and digital brush strokes. The colors are vibrant and the expression is exaggerated.\r\n * Top right: A detailed, action-oriented sketch of Captain America running forward with intensity. The style is more graphic novel-like, with strong lines, motion blurs, and a sense of speed and power. The character\'s face is determined and gritty.\r\n * Bottom left: A cute, whimsical, and friendly sketch of Wonder Woman. The character has large eyes, soft features, and a gentle expression. The art style is light and airy, with soft shading and delicate linework, similar to a children\'s book illustration.\r\n * Bottom right: A ferocious yet slightly comical sketch of Wolverine with his claws extended. The art style is rough and sketchy, emphasizing his wild nature with thick lines and a slightly messy texture. His expression is aggressive but with a touch of cartoonish mischief.\r\nAll four characters should have a consistent, simplified, and stylized aesthetic, but with unique approaches to line weight, coloring, and mood to highlight their individual personalities.\"\r\n','/static/uploads/prompts/24de5887-daea-4576-9e6b-8a2d06b96178.jpg','2025-09-25 18:36:44',2,1),(110,'The Freedom to Act','The principal has the discretion to suspend a student.\" (The principal has the power to decide whether or not to suspend a student, without a fixed rule forcing their hand.)','Prompt to generate this image:\r\n\"A highly detailed watercolor painting of a young woman napping outdoors on white pillows, bathed in bright sunlight. She is viewed from a slightly elevated, overhead perspective.\r\n\r\nThe woman has blonde hair styled with a colorful headscarf and is wearing yellow-tinted sunglasses, an orange tank top, a patterned open short-sleeve shirt, and patterned green shorts. Her skin has a sun-kissed glow, and realistic shadows are cast across her face and body, indicating strong sunlight.\r\n\r\nShe is holding a light gray tabby cat that is also asleep on her lap. To her left, an open book with a whimsical illustration of a fish is visible. Rich red pillows frame her on either side. In the background, a serene blue ocean with a faint sailboat and a clear sky can be seen, suggesting a coastal or vacation setting. The overall style is realistic watercolor with fine textures and vibrant colors.\"','/static/uploads/prompts/b3a94195-eab9-4033-a0fc-f2fc93a834c7.jpg','2025-09-25 18:42:09',2,1),(111,'cinematic blue gray mountain valley','Make cinematic blue gray mountain valley','A cinematic blue gray mountain valley at dawn, with a pyramid shaped peak rising above layered ridges and rolling fog. An ancient imperial city, with its pagoda roofs stretching toward a central gate, perfectly symmetrical along a misty avenue. In the foreground, four robed guardians stand on is wet rock, silhouetted against the haze, facing the glowing city, evoking an epic wuxia legend.','/static/uploads/prompts/19d479e2-2449-4f47-b291-6856607f8278.jpg','2025-09-25 18:45:07',2,1),(112,'In the mists of a forgotten empire','mysterious robed figure in an ornate','Black and white surreal image of a mysterious robed figure in an ornate helmet, face shrouded in shadow, gripping a long sword as they stand poised on a misty path flanked by towering, abstract shell like plants and swirling fog, evoking an epic, otherworldly fantasy realm.','/static/uploads/prompts/48c27a1f-6386-4b1e-bb62-3456e0e43779.jpg','2025-09-25 18:47:38',2,1),(113,'Pixelized Food','Make professional Pixelized Food artwork images ','Minimalist food photograph, [1080x1080]\r\n\r\na single [FOOD] rests on a light, matte surface and is captured mid-transformation into a 3D pixelized form: one half remains intact while the other organically fragments into large, floating cubes that drift outward, each cube revealing the object\'s texture, ingredients, and colors. Studio lighting with soft, realistic shadows, shallow depth of field, tasteful perspective and composition, hyperrealistic detail, stylish geometric abstraction, subtle motion blur on the cubes, high resolution, cinematic close-up.','/static/uploads/prompts/441562f4-213e-47e0-b336-19b544ac5b76.jpg','2025-09-25 18:52:41',2,1),(114,'Animal Plush Toys','Create cute Animal Plush Toys animation picture using below prompts.','A soft, high-quality plush toy of a [ANIMAL], with an oversized head, small body, and stubby limbs. It\'s made of fuzzy fabric, has embroidered facial features, and is shown sitting or standing against a neutral background. The expression is cute or expressive, and it has natural animal markings or colors. The lighting is soft and even, with a realistic, collectible toy look. Centered, full-body view. 1080x1080 dimension.','/static/uploads/prompts/b2fa9431-80d9-4a95-9847-5fed56d89e42.jpg','2025-09-25 18:55:14',2,1),(115,'Brand Capsules','Make Brand Capsules using below prompts ','A hyper-realistic close-up of a futuristic capsule-shaped beverage packaging placed inside a metallic blister pack. The capsule is glossy, covered with realistic cold water droplets, and has a vivid bright gradient color from [BRAND COLORS]. The surface prominently displays the logo and typography of [BRAND NAME] in white. The blister pack reflects soft studio lighting, with sharp details and a dark elegant background to make the capsule pop. Ultra-detailed textures, cinematic macro shot, high contrast, photorealistic style. 1080x1080 dimensions, square format composition optimized for Instagram feed visibility.','/static/uploads/prompts/fc2c5f7d-80ce-4069-a0fc-89ece1d5c82d.jpg','2025-09-25 18:58:04',2,3),(116,'Ink Wash Landmarks','Make professional images Ink Wash Landmarks','A cyan monochrome ink wash of [LANDMARK], using gradients of diluted pigment and expressive brushstrokes. Evokes a serene, meditative feeling with subtle abstraction. 1080x1080 dimension','/static/uploads/prompts/e85fc305-0226-4023-9a0c-05e638427aff.jpg','2025-09-25 18:59:55',2,1),(117,'Character Origami','Make professional Character Origami style artworks ','A detailed origami figure of [CHARACTER] made from brown kraft paper, positioned at a 45-degree angle to the camera in a sitting pose. The figure features clean geometric folding with moderate creases and dimensional layering - not overly complex but showing skilled craftsmanship. Sharp, well-defined edges with some visible fold lines that add structure without appearing wrinkled. The character\'s eyes are open, large and black with small white highlights for a friendly expression. The paper work shows thoughtful geometric segmentation on the body parts with precise but not excessive folding detail. Warm, soft lighting creates gentle shadows that emphasize the three-dimensional form. Warm brown blurred background, professional photography, 1080x1080 square format, artisanal craft photography style, hyperrealistic detail.','/static/uploads/prompts/8f4e4e31-593f-4fcb-ab3f-2bab224f7992.jpg','2025-09-25 19:04:39',2,1),(118,'Modify a general version','Make professional your modify a general version','convert character from uploaded photo into a studio portrait. Adjust the skin tone and give it a cinematic black-and-white color grade. The character is wearing casual clothes and sitting on the back side of a chair. Change the photo angle from eye level. Use a black background. The photo should look realistic in 8K without any pixel loss.','/static/uploads/prompts/8bd85872-bb89-4a59-929f-eff73c566e0e.jpg','2025-09-25 19:07:25',2,1),(119,'Cinematic black and white studio portrait','Create a cinematic black and white studio portrait of your image using Gemini.','Make this a studio portrait. Adjust the skin tone and give it a cinematic black-and-white color grade. The man is wearing a black shirt and sitting on the back side of a chair. Change the photo angle from eye level. Use black background. The photo should look realistic in 8K without any pixel loss.','/static/uploads/prompts/e850417f-5e13-48f9-b982-3fd33472de53.jpg','2025-09-25 19:09:08',2,5),(120,'Cyberpunk Suitcase Citites','Make professional Cyberpunk Suitcase Citites','Hyper-realistic cyberpunk miniature world of [CITY] inside an open futuristic leather-textured suitcase with metallic edges and glowing neon seams. The city overflows from the suitcase, with its most iconic landmarks reimagined in holographic neon, reflective chrome, and futuristic reinterpretations. Bustling city-specific scenes with hover-vehicles, drones, bioluminescent plants, robotic animals, and holographic streetlamps casting colorful light. The suitcase rests on a carbon-fiber table under vibrant neon and holographic glow. \" [CITY]\" glows at the bottom in sleek futuristic typography. 1:1 square, 1080x1080, ultra-sharp, HDR, volumetric lighting, intricate details.','/static/uploads/prompts/136c4f72-b39b-4350-bb0c-6c90d12402b0.jpg','2025-09-25 19:11:22',2,1),(122,'Man possing infront of car','Ai makes you happy ','Create a vintage 1970s Bollywood-inspired photograph of a stylish man sitting casually on the hood of a classic car. He is dressed in a cream pinstriped blazer, cream bell-bottom trousers, and a dark brown shirt with the top buttons open, paired with brown formal shoes, giving a confident mafia-style look. The car has wide whitewall tires, chrome details, and a polished metallic body, reflecting sunlight. In the background, tall green trees and hedges frame the scene. The photograph has the warm, grainy tones of a 1970s film camera, giving it a retro cinematic vibe.','/static/uploads/prompts/8c27e5c0-e0d6-4553-bdec-aad24c261bc3.jpg','2025-09-26 02:11:13',5,1),(123,'Navratri solo male','Dandiya','Ultra-realistic image of a handsome man\'s face (extracted from the provided image) playing dandiya with joyful abandon. He twirls gracefully while holding decorated dandiya sticks, dressed in a colorful traditional\r\n\r\nkurta-pyjama adorned with intricate embroidery and mirror work. The background shows a lively, blurred nighttime Navratri festival with oth dancers, twinkling lights, and festiv decorations. Captured from a slightly low angle to emphasize his dynamic suratci ement and enegow','/static/uploads/prompts/532c7e50-03bb-4e3f-87ed-69f15701db97.jpg','2025-09-26 02:22:22',5,1),(124,'Character creation 🌟','Create funny character creation','3d rendering, c4d, cartoon style, [cartoon Mona Lisa character wearing a grey tracksuit, flipping the middle finger with a smug grin, sitting in front of her broken golden frame], [minimal background of a dusty museum wall with cracked paint], minimalist art style, simple design, high resolution, no low-quality details, high detail, best quality, professional photography, depth of field, soft lighting, sharp focus, cinematic lighting, cinematic camera settings.','/static/uploads/prompts/a336f019-29b9-473a-845c-2d7b1f4bf5e1.jpg','2025-09-26 03:02:52',2,1),(125,'3d rendering cartoon style ✨','Now make 3d rendering cartoon style here is prompt ','3d rendering, c4d, cartoon style, [blue character in business suit kneeling, with boxer, while licking the LinkedIn logo obsessively, eyes rolling up with a crazed grin], [minimal background of an office], minimalist art style, simple design, high resolution, no low-quality details, high detail, best quality, professional photography, depth of field, soft lighting, sharp focus, cinematic lighting, cinematic camera settings.','/static/uploads/prompts/eb80ee6c-d093-43b4-b9c9-0681aeb85eb9.jpg','2025-09-26 03:05:19',2,5),(126,'Thriller Michael Jackson 🎩','Photorealistic conceptual miniature recreation of Thriller Michael Jackson','Photorealistic conceptual miniature recreation of Thriller Michael Jackson, replicated with exact composition, camera angle, and posture matching the original. The scene is rebuilt in miniature using black velvet fabric as the background and soft white felt for the suit folds to substitute the original setting, while the artist (Michael Jackson) is represented by a clay figurine with curly yarn hair, a miniature white fabric jacket with felt lapels, black fabric shirt, white paper trousers, and metallic foil belt buckle details. The tiger cub is represented by a small clay miniature with hand-painted orange and black stripes, button-like eyes, and soft fabric accents for fur texture, placed resting on the left leg.\r\n\r\nThe camera angle is eye-level medium shot, subject reclining sideways with left leg raised and tiger cub resting on top, identical to the original cover. Lighting is soft frontal studio light with subtle highlights on the white suit and controlled shadows on the.','/static/uploads/prompts/8b56c04e-e481-4430-8a5b-fb4b3f20d593.jpg','2025-09-26 03:07:51',2,3),(127,'Photorealistic conceptual food art portrait','Make professional Photorealistic conceptual food art portrait.','Photorealistic conceptual food art portrait,\r\n\r\na minimalist bedroom recreated entirely with sushi ingredients. The bed is made of compact white rice, with a small rice pillow, covered by a large slice of fresh salmon as the blanket, with a smaller slice as the pillowcase. Beside the bed, a nightstand built from a cube of sushi rice wrapped in nori seaweed, topped with a cucumber slice lamp. Two tiny green cucumber slippers placed neatly in front of the bed. Set against a seamless clean white studio background to emphasize the surreal food sculpture. Bright soft studio lighting, evenly diffused, with subtle shadows to highlight textures of rice grains, salmon stripes, and glossy cucumber skin. Fine atmospheric detail: light reflection on the salmon surface and slight moisture glistening on the rice for natural realism. Captured with a Canon EOS 5D, 50mm f/1.4 lens, shallow depth of field focusing on the bed sculpture, crisp detail with gentle falloff in the background Composition framed','/static/uploads/prompts/2191db9b-66b7-46e7-a280-ef66655f3abb.jpg','2025-09-26 03:09:08',2,5),(128,'cinematic, hyper-realistic luxury lifestyle Photography ','cinematic, hyper-realistic luxury lifestyle Photography ','A cinematic, hyper-realistic, full-body portrait of a beautiful woman, posed elegantly beside a sleek, vintage black car. The woman wears a **glamorous, couture red gown** with a strapless, beaded bodice and a striking cascade of glittering red beaded fringe. Her long, dark hair is styled in loose waves. She stands with a powerful, confident expression. The background is a pure, inky black, creating a high-contrast effect. A **classic black vintage car** with a prominent chrome grille is partially visible to her side. The scene is illuminated by a single, focused **spotlight** that creates dramatic highlights and shadows, giving the entire image a powerful, high-fashion aesthetic with a subtle, glowing aura.','/static/uploads/prompts/eaef66ae-9621-47fe-9a91-be9a506cbaef.jpg','2025-09-26 03:15:30',2,2),(129,'Glitch Art Neon Gridlock','Make beautiful glitch art neon gridlock','A futuristic sports car depicted in the style of a Glitch Art Neon Gridlock, where intersecting lines and geometric shapes create a chaotic and vibrant atmosphere. Utilize a color scheme dominated by bright lime green and electric blue neon hues --ar 3:2 --v 7.0','/static/uploads/prompts/4272dc6e-5771-44fd-83ab-4b7a67960a45.jpg','2025-09-26 03:18:06',2,1),(130,'Brain reimagined ✨🗣️','Brain reimagined as a Futurist Velocity Abstraction.','Human Brain reimagined as a Futurist Velocity Abstraction, with dynamic lines and shapes suggesting speed and motion. Employ a vibrant palette of ultraviolet purple and cyber yellow to convey energy and technological progress --ar 3:2 --v 7.0','/static/uploads/prompts/b0fe2427-142c-45d8-bbba-19f12c7d4147.jpg','2025-09-26 03:23:25',2,3),(131,'character creation','3D character creation','3d rendering, c4d, cartoon style, [cartoon Elsa character wearing a white tracksuit and sunglasses, smirking while offering ice cubes from a ziplock bag, ICE QUEEN logo on her jacket], [in an alley], minimalist art style, simple design, high resolution, no low-quality details, high detail, best quality, professional photography, depth of field, soft lighting, sharp focus, cinematic lighting, cinematic camera settings.','/static/uploads/prompts/65d7f37a-4d78-45e4-b00d-4bbc746eb578.jpg','2025-09-26 03:27:45',2,2),(132,'3d rendering','Make professional 3d rendering.','3d rendering, c4d, cartoon style, [black character with exaggerated smug expression showing a tattoo of the X logo on its butt, pants halfway down, one eyebrow raised], [minimal background of garage], minimalist art style, simple design, high resolution, no low-quality details, high detail, best quality, professional photography, depth of field, soft lighting, sharp focus, cinematic lighting, cinematic camera settings.','/static/uploads/prompts/1b55ff2c-084a-43a2-a918-060bc91f41ec.jpg','2025-09-26 03:31:04',2,1),(133,'realistic portrait of a stylish man','Make professional realistic portrait of a stylish man with horse 🐎','8k ultra HD realistic portrait of a stylish man (face as it\'s uploaded image) wearing sunglasses, black sweater, and grey pants, crouching beside a majestic black horse in a snowy mountain landscape. The backdrop features snow-covered trees and dramatic peaks under a bright winter sky. The atmosphere is bold, adventurous, and elegant, highlighting both the man and the horse in sharp','/static/uploads/prompts/78b5bdec-ae98-4f00-a38c-a2cb04dfe37e.jpg','2025-09-26 03:54:25',2,2),(134,'Cinematic low-light portrait of a young man','Make clear Cinematic low-light portrait of a young man.','Cinematic low-light portrait of a young man in a formal clothes, standing motionless under a soft amber spotlight. The glow grazes his glasses and hair while the surrounding darkness swallows the rest, creating a mood of quiet introspection.\", \"size\": \"1024x1024\",','/static/uploads/prompts/f370de2a-2ae8-4d7e-ba64-79b9e321255c.jpg','2025-09-26 04:04:20',2,5),(135,'In hand rose ','Black and white ','A cinematic black-and-white portrait of a stylish young man holding a single red rose, with the rose as the only element in vibrant color. He has sharp facial features, voluminous styled black hair, and a chiseled jawline. His head is tilted slightly upward as he gently smells the rose, creating a romantic and snimysterious aura. He wears a shearling-lined leather jacket over a crisp white shirt, accessorized with a silver chain necklace, a cross earring, bold rings, and subtle tattoos near his collar and neck. The lighting is dramatic, with a soft spotlight creating contrast and depth, emphasizing the textures of his jacket and the contours of his face. The desaturated background enhances the focus on him and the rose, creating a moody, fashion-editorial look. Ultra-detailed, 8k resolution, cinematic lighting, fashion photography aesthetic, romantic and intense atmosphere.','/static/uploads/prompts/0b451a23-92f3-4b38-951b-b0d1d1565c9d.jpg','2025-09-26 08:11:06',5,1),(136,'Man Surrounded by anime character ','Anime lover','Ultra-realistic 9:16 vertical format fisheye selfie of me with [shinchan, Doraemon, Naruto, Nobita, Satoru Gojo, Sung Jin who, Ash from pokimon]. We\'re all making silly, exaggerated faces. Set in a small, bright living room with white tones. High camera angle. Extreme fisheye distortion. Realistic, cinematic lighting, anime characters integrated with stylized realism.','/static/uploads/prompts/ad7cf1e7-c7c4-432d-adbc-dac9de24047c.jpg','2025-09-26 08:16:15',5,1),(137,'Wearing headphones ','Rainy season ','Close-up portrait of a young 21 year old boy(attached photo) in the rain, seen from profile, looking into the distance with a melancholic expression. he is wearing a dark baseball cap with a red detail and black over-ear headphones. His heavy dark hair is tousled by the coastal wind, falling leicht ins Gesicht, voller Textur und Bewegung.. Raindrops are clearly visible on his skin.\r\n\r\nThe background is a heavily blurred, dark, rainy outdoor scene with visible streaks of falling rain','/static/uploads/prompts/c916c80c-05b8-40d5-bcdb-e7e648ab686c.jpg','2025-09-26 08:23:04',5,1),(138,'Wearing sunglasses ','Night light ','A close-up, low-angle portrait of a man with a beard and round sunglasses, illuminated by dramatic blue and orange neon lighting. The light reflects intensely off his glasses, showing parallel lines, and his expression is contemplative, looking upwards and to the right. He appears to be wearing a textured, possibly furry or sherpa-lined collar. The background is softly blurred with bokeh lights, enhancing the vibrant, high-contrast atmosphere','/static/uploads/prompts/27da05af-9ef1-4a2e-866f-fe08afd233d3.jpg','2025-09-26 08:24:43',5,1),(139,'Be Ash ( Our childhood hero )','Relive your childhood and turn your image into a Pokemon master using Gemini Nano banana.','Create a hyper-realistic editorial portrait of a person, generated from the provided image (same face 100%, same hairstyle, expression preserved). The subject stands confidently on\r\n\r\na reflective glossy floor wearing a coordinated bright yellow and crimson outfit (hooded jacket or sweatshirt and tailored joggers) with lightning bolt-inspired linework and subtle embroidered electric motifs running along sleeves, chest and pant seams. Matching crimson and yellow sneakers complete the look. Beside the subject stands a large Pikachu-like creature, scaled to be equal to or taller than the person, with realistic textured fur and a vibrant palette of electric yellows and deep crimson accents that echo the clothing. Background is a moody electric yellow to deep crimson gradient that enhances the vibrant palette; both subject and creature are clearly reflected on the floor. Lighting uses dramatic warm key light and sculpting rim light to emphasize skin, fur and fabric detail, cinematic shallow depth of field, slight film grain for editorial grit, photoreal creature integration, ultra-detailed 8K quality','/static/uploads/prompts/ed347f25-bbe8-4d34-8eb2-12e791a96cee.jpg','2025-09-27 14:44:29',2,2),(140,'Instagram feed','Make poster type instagram layout with own Avtar.','Stylish portrait of hasnain alvi sitting inside a 3D Instagram frame cutout, wearing checkered shirt, cream trousers, black watch and sunglasses. Dark background, cinematic lighting, ultra-realistic.\"','/static/uploads/prompts/3b47981f-2f35-4204-a929-43277a8cabb1.jpg','2025-09-27 14:47:03',2,5),(141,'Rainbow type circle around us','Create Rainbow type circle around us','A cinematic, stylized portrait of a young man\r\n\r\nin a vibrant fast-color hoodie, baggy jeans, and sneakers, standing in an open space with tall grass swaying around him. The hoodie radiates bold, shifting hues that seem to orbit subtly around his form, creating a dynamic, futuristic aesthetic. His pose is steady and composed, one hand in his pocket while he gazes upward with headphones on, immersed in sound. The cloudy, overcast sky provides a moody backdrop, while the glowing colors of the hoodie add contrast, blending streetwear with an atmospheric, modern-art feel','/static/uploads/prompts/761a4942-e4d1-485f-a1ff-e621370b767b.jpg','2025-09-27 14:49:00',2,1),(142,'Neon Product advertisements','Create incredible Neon Product advertisements using Gemini Nano banana.','A single [OBJECT, e.g., \'vintage electric guitar\'] glowing vividly with internal neon light that matches its brand or essence - the glow must follow the object\'s shape and details precisely without overexposing - cinematic studio lighting - rich [SURFACE/TEXTURE, e.g., \'polished chrome\', \'smooth obsidian\',\r\n\r\n\'weathered leather\'] surface or texture - subtle [ATMOSPHERIC EFFECT, e.g., \'wisps of smoke\', \'gentle steam\', \'shimmering aura\'] around the object - sharp shadows and clean contrast - floating or standing on a soft reflective black surface - ultra-sharp details - 2:3 vertical layout - pure black background - high-Kelvin lighting to avoid yellow tint - ultra-HD photorealism - the glow must feel premium, dramatic, and emotionally powerful.','/static/uploads/prompts/7761cf04-ff62-4ef9-b962-72f5638fc612.jpg','2025-09-27 14:53:37',2,3),(143,'Origami Foods by Nano Banana','Make fancy type of Origami Foods by Nano Banana','A hyper-detailed origami [FOOD ITEM] folded from realistic colored paper with visible creases and paper texture. Complex geometric folds capture the food\'s shape, layers, and distinctive features. Placed on clean surface with soft shadows, minimalist food art photography style. 1080x1080 square','/static/uploads/prompts/6b373275-4855-4a3e-8c2a-157e08244c86.jpg','2025-09-27 14:55:12',2,3),(144,'Bring your look again ','Bring your look ','A young man sitting casually on a chair in an outdoor decorated setup at night. The background features a glowing neon ring decorated with green vines and colorful fairy lights, giving a vibrant festive vibe. A guitar is placed upright on the ground beside a potted plant, adding a musical and artistic touch to the scene. The man is itdressed in a dark shirt, light blue jeans, and stylish sneakers, black sunglasses The atmosphere is lively yet cozy, with warm lighting.\r\n\r\n100% matching my face','/static/uploads/prompts/2842ffa1-e966-420a-8e2f-71a321c6997a.jpg','2025-09-27 14:56:24',2,3),(145,'A woman portrait expressed through Monochromatic','A woman portrait expressed through Monochromatic','A woman portrait expressed through Monochromatic Zen Minimalism, using only black, white, and shades of gray. Emphasize negative space, simple lines, and a sense of tranquil balance','/static/uploads/prompts/90aba7cf-09ba-44da-80b1-48e369167a51.jpg','2025-09-27 15:12:43',2,1),(146,'Rayonism Light Refraction depiction','Make Rayonism Light Refraction depiction','A Rayonism Light Refraction depiction of [SUBJECT], with intersecting beams of color representing refracted light. Utilize [COLOR1] and [COLOR2] in various intensities to create a dynamic, abstract composition that seems to radiate energy.','/static/uploads/prompts/4aac5881-b9af-41e4-bde1-95d414673e5d.jpg','2025-09-27 15:14:18',2,2),(147,'Kids drawing mode','Make  beautiful realistic kids drawing 🤩','A little girl with rosy cheeks standing on top of a gentle blue elephant, a small bird perched beside her, dreamy watercolor illustration on textured paper, soft pastel tones, poetic children\'s book style --ar 11:14 --raw --p','/static/uploads/prompts/d2e2f77c-8c52-45fe-a86e-b59bbff1bbf5.jpg','2025-09-27 15:16:32',2,2),(148,'low-poly 3D render','Make low-poly 3D render style images ','A low-poly 3D render of a cowboy, built from clean triangular facets with flat denim blue and rust brown surfaces. The environment is a stylized digital desert with minimal geometry and ambient occlusion. --ar 3:2 --v 7','/static/uploads/prompts/81a10c17-4497-4db2-9def-15570e5cf70b.jpg','2025-09-27 15:17:31',2,1),(149,'childlike figure','Make childlike figure Images ','A thin childlike figure with glowing round eyes standing beside a crooked gothic house, two black cats with eerie stares, foggy night background, Tim Burton style, stop-motion digital look, gothic fairytale illustration --ar 16:9 --raw --p','/static/uploads/prompts/c47e3223-7c38-472c-82ca-54d14481e789.jpg','2025-09-27 15:21:36',2,1),(150,'Futuristic cyberpunk Monalisa','Create futuristic Images ','Mona Lisa reimagined as cyberpunk portrait, neon cityscape in background, holographic textures | cinematic digital art dramatic neon lighting, high detail, futuristic reinterpretation | realistic skin textures, glowing accents, wide-angle composition','/static/uploads/prompts/80e19a60-2cfb-4940-901a-7df7b6fe3f4f.jpg','2025-09-27 15:25:12',2,5),(151,'छोटी बच्ची और गुड़िया का जादुई सफ़र (  फ्रांज काफ्का )','फ़्रांज़ काफ्का की छोटी बच्ची और गुड़िया की अनोखी कहानी इस दिल को छू लेने वाली कहानी को पढ़ने के लिए सब्सक्राइब करें और पूरी कहानी यहीं पर पढ़ें।','फ़्रांज़ काफ्का और गुड़िया की कहानी\r\n\r\nफ़्रांज़ काफ्का अपने जीवन के अंतिम वर्षों में बहुत बीमार रहते थे। उन्हें गले का कैंसर था और वे बर्लिन में उपचार करवा रहे थे। इन्हीं दिनों की एक घटना है जिसने उन्हें और उनकी संवेदनशीलता को हमेशा के लिए अमर कर दिया।\r\n\r\nएक दिन वे पार्क में टहल रहे थे। वहाँ उन्होंने एक छोटी बच्ची को ज़ोर-ज़ोर से रोते हुए देखा। काफ्का उसके पास गए और उससे रोने का कारण पूछा। बच्ची ने रोते-रोते बताया कि उसकी प्यारी गुड़िया कहीं खो गई है।\r\n\r\nकाफ्का ने बच्ची को ढांढस बंधाने की कोशिश की। उन्होंने तुरंत कहा –\r\n\"तुम्हारी गुड़िया खोई नहीं है, वह तो यात्रा पर निकली है।\"\r\n\r\nबच्ची को यक़ीन नहीं हुआ। उसने कहा कि उसकी गुड़िया उसे बहुत प्यार करती थी, वह उसे छोड़कर क्यों जाएगी?\r\n\r\nतब काफ्का ने वादा किया कि कल वे उसके लिए गुड़िया का पत्र लेकर आएँगे।\r\n\r\nगुड़िया के पत्र\r\n\r\nअगले दिन काफ्का ने सचमुच एक पत्र लिखा। उसमें लिखा था –\r\n\r\n\"प्रिय छोटी बच्ची,\r\nमैं यात्रा पर जा रही हूँ। मैं दुनिया देखना चाहती हूँ। लेकिन चिंता मत करो, मैं तुम्हें अपने अनुभवों के बारे में पत्र लिखती रहूँगी।\r\n\r\nप्यार के साथ,\r\nतुम्हारी गुड़िया।\"\r\n\r\nजब बच्ची ने यह पत्र सुना तो उसका चेहरा खिल गया।\r\n\r\nइसके बाद यह सिलसिला कई हफ़्तों तक चला। हर दिन काफ्का एक नया पत्र लेकर आता, जिसे उन्होंने गुड़िया की ओर से लिखा होता। उसमें गुड़िया के अलग-अलग रोमांचक किस्से होते –\r\n\r\nकैसे वह नई-नई जगहों पर घूम रही है,\r\n\r\nकैसे उसने अलग-अलग लोगों से दोस्ती की,\r\n\r\nकैसे वह नयी-नयी चीज़ें सीख रही है।\r\n\r\n\r\nइन पत्रों ने बच्ची के दुख को धीरे-धीरे ख़ुशी और उम्मीद में बदल दिया।\r\n\r\nनई गुड़िया का तोहफ़ा\r\n\r\nकुछ समय बाद, काफ्का ने सोचा कि अब बच्ची को एक नई शुरुआत दी जानी चाहिए। उन्होंने एक सुंदर नई गुड़िया ख़रीदी और उसे बच्ची को भेंट किया।\r\n\r\nलेकिन बच्ची ने कहा – \"यह मेरी गुड़िया जैसी नहीं लगती।\"\r\n\r\nकाफ्का मुस्कुराए और बोले –\r\n\"हाँ, बिल्कुल सही। यात्रा ने उसे बदल दिया है। अब वह बड़ी हो गई है।\"\r\n\r\nबच्ची ने यह सुनकर गुड़िया को अपने गले से लगा लिया और ख़ुशी से भर उठी।\r\n\r\n✨ कहानी का अंत\r\n\r\nकाफ्का की तबीयत बिगड़ती चली गई और कुछ ही समय बाद उनका निधन हो गया। परंतु इस छोटी बच्ची के लिए उन्होंने जो संवेदनशीलता दिखाई, वह हमेशा के लिए एक अमर कथा बन गई।\r\n\r\nकहते हैं, सालों बाद उस बच्ची को अपनी गुड़िया के अंदर एक और पत्र मिला। उसमें लिखा था –\r\n\r\n\"जो भी चीज़ तुम प्यार करती हो, वह कभी सचमुच खोती नहीं। बस रूप बदल लेती है।\"\r\n\r\nइस कहानी का संदेश\r\n\r\nयह कथा सिर्फ़ एक बच्ची और गुड़िया की कहानी नहीं है, बल्कि यह सिखाती है कि – दुख और हानि को संवेदनशीलता और कल्पना से ख़ुशी में बदला जा सकता है।\r\n\r\nप्यार कभी खोता नहीं, वह सिर्फ़ रूप बदलता है।\r\n\r\nछोटी-सी दया और सहानुभूति किसी की ज़िंदगी हमेशा के लिए बदल सकती है।','/static/uploads/prompts/96d57b4c-05fc-46ac-8f8e-2a9899014076.jpg','2025-09-27 17:16:30',2,2),(152,'Personal Social Media Frame Cutout Portraits.','Portraits that jump out of the social media frame! - and they look crazy good.','Stylish portrait of the character sitting position inside a white 3D [Twitter] frame cutout with the logo. Dark background, cinematic lighting, ultra-realistic. [ IG ] id : \'@your_username\' with blue checkmark. Caption should be \"Create with prompts #hashtage!\"','/static/uploads/prompts/56ef3b6a-065b-4f3b-b8a3-229343b4e101.jpg','2025-09-28 03:52:48',2,5),(153,'Try the beggar look','Create your beggar look','Create an amazingly realistic photo in 8K resolution. I am sitting in a market begging. I am holding a broken steel plate. I am wearing a t-shirt and lungi, which are torn and dirty. People are putting money on my plate... My face looks hungry. The face is 100% same as the uploaded photo. ₹10 दीजिए साहब गरीब थोड़ी न हो जाओगे,','/static/uploads/prompts/c419c44c-a240-42b3-8d7b-0c3cd61e9339.jpg','2025-09-28 03:57:40',2,2),(154,'Statue of Liberty','Create night scene Statue of Liberty','A dramatic night scene of the Statue of Liberty silhouetted against a stormy sky filled with thousands of birds in flight, illuminated by eerie blue light breaking through the clouds, with dark waters and city lights faintly visible in the distance.','/static/uploads/prompts/9c910d11-9e44-44d0-8462-0a6e40acfbd7.jpg','2025-09-28 04:00:05',2,1),(155,'Dogan Ural','Create realistic Dogan Ural.','4K phone wallpaper artwork created by Dogan Ural. Tap, hold and load in 4K to view it in full resolution on mobile apps. (2296×4096px)','/static/uploads/prompts/bfe9d5c8-86ae-4712-80e9-2da20e9b38de.jpg','2025-09-28 04:02:42',2,1),(156,'Garba Look Only for Girls','Make your Garba Look.','Ultra-realistic 8K cinematic portrait of the same young woman (face 100% match, no distortion). She wears a vibrant ghagra-choli with mirror work and a colorful dupatta flowing in the breeze. Oxidized silver jewelry, bangles, and bindi add elegance. Holding decorated dandiya sticks, she smiles gracefully mid-dance. Background: festive Navratri garba pandal with glowing lights, rangoli, and blurred dancers. Cinematic lighting, high detail, photorealistic textures.\"','/static/uploads/prompts/b655248a-d1c5-42e5-b978-ecd3dd0c9d85.jpg','2025-09-28 04:07:09',2,3),(157,'Create your own picture of meeting the Prime Minister','Make your picture with pm','A photorealistic, high-resolution portrait shot of a young, stylish woman [replace with your preferred gender/appearance] wearing a brown leather collared dress, sitting comfortably on a white sofa next to Prime Minister Narendra Modi. Modi is wearing his signature white kurta and black Nehru vest They are in an official, well-lit meeting room. Between them is a small, dark wood table with a vase of vibrant pink orchids In the background, there are two large, perfectly displayed Indian National.','/static/uploads/prompts/47624c96-27ee-4c87-bb6e-252abeac5a3f.jpg','2025-09-28 04:08:40',2,5),(158,'Volumetric light rays','Create Volumetric light rays','A cinematic rendering of a medieval knight in armor shrouded in volumetric light rays, with dense fog breaking the scene into atmospheric layers. Warm backlights and glowing particles enhance the mood and mystery. ( ar 3:2, v 7 )','/static/uploads/prompts/b358d3cd-b24b-411a-af0e-d4f05597ffd7.jpg','2025-09-28 08:06:43',2,2),(159,'Superhero Plush Toys by Nano Banana','Create realistic Superhero Plush Toys by Nano Banana','A soft, high-quality plush toy of a [SUPERHERO], with an oversized head, small body, and stubby limbs. Made of fuzzy fabric with embroidered facial features, natural colors, and expressive details. The toy is sitting or standing against a neutral background, centered in full view. Soft studio lighting, even shadows, photorealistic textures, collectible plush style. 1080x1080 square.','/static/uploads/prompts/ea731c23-679b-4afa-bba0-82853a6777e6.jpg','2025-09-28 08:07:53',2,2),(160,'Superhero Juice Boxes by Nano Banana','Create realistic Superhero Juice Boxes by Nano Banana','A playful, photorealistic render of a juice box packaging featuring the [SUPERHERO]. The carton is glossy with condensation droplets and a plastic straw attached. Bright, minimal background for a clean product-shot feel. Crisp details in typography, colors true to brand identity. Studio commercial photography aesthetic.\r\n\r\n1080x1080 square.','/static/uploads/prompts/47dd920c-098d-4d2c-8d7e-34abc92f1310.jpg','2025-09-28 08:09:05',2,3),(161,'Origami Movie Posters','Origami Movie Posters by SeeDream Ai ','Transform this movie poster into an origami version, as if the entire artwork is folded from high-quality paper. Preserve the key elements of the poster so it remains instantly recognizable, but simplify shapes into crisp folds, geometric paper edges, and realistic paper textures. Add soft studio lighting and subtle paper shadows for a clean collectible art look.','/static/uploads/prompts/4fb96be5-dc0e-462f-b355-b63caf8f0547.jpg','2025-09-28 08:10:28',2,3),(162,'Canvas design ','Create realistic Canvas design ','What If Space Were a Canvas? Then every nebula would be a stroke of divine imagination, painting eternity across the void.','/static/uploads/prompts/1fea5054-a3ab-467c-8e3f-ca5edbf40169.jpg','2025-09-28 08:12:22',2,2),(163,'Cinematic portrait of a young woman.','Using the uploaded picture exactly face a super close-up cinematic portrait of a young woman','Using the uploaded picture exactly face A super close-up cinematic portrait of a young woman framed by small, delicate pale pink and pastel blue flowers with light greenery, arranged sparsely so they are not too crowded. Sunlight casts soft shadows of petals and leaves across her face. She has slightly tousled dark hair falling around her shoulders.','/static/uploads/prompts/a05390d8-9392-4c51-87ff-0ed226d973a2.jpg','2025-09-28 08:14:42',2,2),(164,'Instagram Profile picture ','.','A high-resolution black and white portrait of a girl wearing a sharp black turtleneck and chic small gold earrings, along with a Korean bun. She stands confidently in a minimal studio setting, slightly to the side. Dramatic studio lighting creates bold geometric shadows on her face and background with strong cross beams of light. Cutting through the shadows, her expression is calm, introspective, and slightly distant. The image has a cinematic atmosphere','/static/uploads/prompts/01ea6256-7059-4253-8f95-216e9b885e6d.jpg','2025-09-28 08:16:55',2,2),(165,'Viral social media sadi trend ','Instagram trending sadi trend images generated prompts','Convert, 4K HD realistic, a stunning portrait of a young Indian woman with long, dark, wavy hair cascading over her shoulders. She is wearing a translucent, elegant red saree draped over one shoulder, revealing a fitted blouse underneath. White flowers are tucked behind her right ear. She is looking slightly to her right, with a soft, serene expression. I want the same face as I uploaded, no alternation, 100 percent same.\r\n\r\nThe background is a plain, warm-toned wall, illuminated by a warm light source from the right, creating a distinct, soft-edged shadow of her profile and hair on the wall behind her. The overall mood is retro and artistic!','/static/uploads/prompts/5e153a43-6e59-47be-bb64-0105d04e21be.jpg','2025-09-28 08:19:46',2,1),(166,'Cinematic portrait images ','Create a highly detailed cinematic portrait of your image using Gemini Nano Banana.','Create a highly detailed, cinematic portrait of a handsome man using the uploaded image as reference. Focus on strong facial features, confident posture, and stylish clothing.\r\n\r\nDramatic lighting with soft shadows, warm tones, and a shallow depth of field to make the subject pop. Moody background, realistic textures, sharp details, and an overall striking, captivating atmosphere.','/static/uploads/prompts/abf023db-7666-432d-9e27-d1c0938622ca.jpg','2025-09-28 08:20:58',2,5),(167,'Boys Let\'s','Marriage photoshoot image ','A stylish young man wearing a same in a photo, standing confidently with hands in pockets, one leg crossed over the other, wearing black formal shoes, studio portrait with soft lighting, elegant dark background, cinematic look, professional photo editing, a large faded background portrait of the same person in black sunglasses behind him, luxury fashion style, premium magazine photoshoot vibe.\" Same face as the uploaded image And add Fine smoke on the floor a metallic and his 100% face mach.','/static/uploads/prompts/4b88de08-9752-47c3-8f8b-30e61c9648d3.jpg','2025-09-28 08:22:28',2,1),(168,'Man lying relaxed','Create fashionable styles man lying relaxed image','Make my photo Overhead high angle 3:4 full-body shot of a man lying relaxed on the hood of an orange Lamborghini Urus in a dim basement garage. Wearing a crisp white open collar shirt, brown trousers, polished shoes, and a leather strap watch. Tattoo visible on forearm. Soft sunbeam lighting with natural reflections on car, cinematic warm color grading, shallow depth of field, creamy bokeh, hyper-realistic 8K detail, billionaire vibe.','/static/uploads/prompts/2bcda145-7783-4c26-afa7-9c3deb8f89dd.jpg','2025-09-28 08:24:32',2,1),(169,'Image into a filmy purple fantasy','Turn your image into a filmy purple fantasy using Nano Banana (Gemini).','A young man in a sleek purple studio, wearing a tailored purple suit and transparent glasses. He has wavy black hair styled with volume, a confident and cinematic presence. In one scene, he sits on a regal throne chair, while in another he stands powerfully, looking sideways with intensity. A majestic owl with wings spread wide rests on his left shoulder, illuminated by glowing purple neon lights and smoky atmosphere. The scene feels like a film poster - dramatic, hyper-detailed textures on fabric, feathers, skin, and lighting. 4K ultra-realistic, fashion editorial, cinematic photography style.','/static/uploads/prompts/f1f98c77-d7c3-440c-bd37-c6d5d6d1134e.jpg','2025-09-28 08:25:35',2,1),(170,'Dramatic cinematic women','Dramatic cinematic portrait featuring the woman','Create a dramatic cinematic portrait featuring the woman from the reference image (exactly according to the provided photo reference but with Al enhancements to match with the environment). The woman should maintain her natural hair texture, length, and style from the reference photo, with intense warm golden-orange backlighting as the primary light source, creating a luminous halo effect that illuminates her hair and creates beautiful texture definition.\r\n\r\nThe backlighting should work with whatever hair type she has - whether straight, wavy, curly, short, or long - making it glow brilliantly against the dark background. Use a strong, saturated cool cyan-teal front light that heavily colors the face, neck, and shoulders with vibrant blue-green tones, creating dramatic orange-teal color contrast.','/static/uploads/prompts/e51aaf2e-d615-45c9-be7b-5c327e524a3a.jpg','2025-09-28 08:27:48',2,5),(171,'Minimalist food photograph','Create minimalist food photograph','Minimalist food photograph, [1080x1080] a single [FOOD] rests on a light, matte surface and is captured mid-transformation into a 3D pixelized form: one half remains intact while the other organically fragments into large, floating cubes that drift outward, each cube revealing the object\'s texture, ingredients, and colors. Studio lighting with soft, realistic shadows, shallow depth of field, tasteful perspective and composition, hyperrealistic detail, stylish geometric abstraction, subtle motion blur on the cubes, high resolution, cinematic close-up.','/static/uploads/prompts/7d49b851-2a6b-41b6-a9cd-04eee5bbebef.jpg','2025-09-28 08:29:12',2,1),(172,'Transform your selfies','Magic drone image ','Turn this photo into a hyper-realistic low- angle vertical shot (9:16) of a young woman lying in a white long feathery plant field. She wears a modern white top and a blue skirt, arms bent under her head, eyes closed peacefully.\r\n\r\nOverhead headphones in straight hair, an upside-down a peer-e-kamil book on her chest, and a Persian cat tubby sleeping beside him. Warm light, floral foreground overlap, sharp 8K detail, cinematic color grading, soft shadows.','/static/uploads/prompts/5eed920c-42ae-4d53-bbe7-458f6a9e8374.jpg','2025-09-28 08:39:31',2,1),(173,'Retro vintage grainy','Create realistic retro vintage grainy ✨','Create a retro vintage grainy but bright image of the reference picture but draped in a perfect black colour suit pinteresty aesthetic retro pants. It must feel like a 90s movie hair baddie with a small flower bookey in hand and romanticising a windy environment. the man is standing against a solid deep shadow and contrast drama, creating a mysterious and artistic atmosphere where the lighting is warm with golden tones evoking a sunset or golden hourglow. the background','/static/uploads/prompts/5110bfd6-4558-458b-843a-c92f4d77e894.jpg','2025-09-28 08:40:39',2,2),(174,'Retro airbrush poster illustration','Create retro airbrush poster illustration.','Retro airbrush poster illustration, deep cobalt-to-electric-blue radial gradient background with subtle vignette, two hands, one entering from the upper right and one from the lower left, smooth midnight-blue silhouettes with cyan rim light, between them, a floating faceted prism/diamond emitting pastel iridescence and a soft lime halo, small starburst sparkles around the gem, Clean, high-contrast composition with dramatic chiaroscuro, smooth gradients, fine spray-grain, cinematic glow, ultra-detailed, high resolution. --ar 9:16 --exp 60 --sref 2210439863::2 2879439070 --p','/static/uploads/prompts/0c6dbc28-056f-423a-b0cb-88f8dc51a615.jpg','2025-09-28 08:42:55',2,1),(175,'The artistic portrait','Create realistic The artistic portrait','Create an artistic portrait of a given reference image, keeping the facial features exactly the same. Make it a large, black-and-white, smiling close-up of her face with curly, sketch-style hair effects on a white background.','/static/uploads/prompts/0e7f240c-7905-4d32-a8c0-0b3216ef4c52.jpg','2025-09-28 08:44:27',2,1),(176,'Spotlight moment','Turn your image into a spotlight moment by using Gemini Nano Banana','Studio shot from above of a young man standing alone on a smooth gradient grey background, brown jacket over a textured cream sweater, soft vignette lighting, dramatic shadows, messy brown hair, minimalist and contemplative mood, editorial look ','/static/uploads/prompts/242560b5-4996-45d1-b9d6-8f6e320eefac.jpg','2025-09-28 08:45:38',2,1),(177,'Recipe page','Turn your food photos into a vintage recipe illustration with Nano Banana + Adobe Firefly','Turn this ramen into a cute recipe page with illustrations in the style of a vintage cookbook that was hand-drawn. A carefully drawn ingredients with labels, measures, and implements like bowls, whisks, or spoons should surround the composition\'s focal point. To create a homey, nostalgic vibe, use textured shading, warm pastel colors, and fine, ink-like outlines. Add recipe writing in the handwritten manner, including the ingredients and directions organically into the layout. Make sure the page has an artistic and educational tone, combining the beauty of colorful illustrations with a cookbook aesthetic.','/static/uploads/prompts/a9747c5e-7ab4-4ce2-b324-4b45b3685fdc.jpg','2025-09-28 08:50:34',2,3),(178,'Animal Plush Toys','Create Animal Plush Toys','A soft, high-quality plush toy of a [ANIMAL], with an oversized head, small body, and stubby limbs. It\'s made of fuzzy fabric, has embroidered facial features, and is shown sitting or standing against a neutral background. The expression is cute or expressive, and it has natural animal markings or colors. The lighting is soft and even, with a realistic, collectible toy look. Centered, full-body view. 1080x1080 dimension.','/static/uploads/prompts/f5f58efb-f8f6-4542-9453-a19a6a900095.jpg','2025-09-28 08:52:02',2,1),(179,'Children\'s illustration style','Create children\'s illustration style','A cute children\'s book illustration of a smiling dog with floppy ears, designed in a caricatured style, textured embroidery look, colorful stitched threads, visible fabric details, playful handmade aesthetic, cozy textile art --ar 1:1 --raw --p','/static/uploads/prompts/b857d966-074a-48b0-bc96-5147455dd5b7.jpg','2025-09-28 08:53:32',2,1),(180,'Fairytale picture book illustration','Create fairytale picture book illustration','a vintage 1940 fairytale picture book illustration of a squirrel and a hedgehog foraging together in an autumn meadow. The squirrel, with a fluffy tail, cheerfully holds up an acorn, while the hedgehog sniffs curiously at mushrooms nearby. Gentle pastel colors, playful composition, textured watercolor brushstrokes, light ink outlines, cozy and childlike charm','/static/uploads/prompts/d57f9a31-8d4c-4662-9671-28ab9a30e6ee.jpg','2025-09-28 08:56:17',2,1),(181,'Photoshoot ','.','Create a photo of me using this reference. Keep my face without changing my facial features. with dark hair stands on a white stairwell, looking back at the camera. She is bathed in the warm, golden light of the sun, which casts long shadows on the off-white wall behind her. She wears a white tank top and light-wash, wide-leg jeans. With a little bangs.','/static/uploads/prompts/c4314331-0d86-42b6-8ca3-8561651b664a.jpg','2025-09-28 08:59:43',2,1),(182,'Ethereal portrait of a serene woman stands','Create ethereal portrait of a serene woman stands','A dreamy, ethereal portrait of a serene woman stands in a sunflower field, wearing a delicate light yellow noodle strapped dress with a flowing, semi-sheer skirt and lace top, holding a bouquet of sunflowers and gazing over her shoulder with a gentle smile. graceful woman standing in a lush sunflower field. Her light brown hair is softly styled, flowing slightly in the wind. She holds a vibrant sunflowers at her side, her body turned partially away as she looks back with a serene, gentle smile. The field is bathed in soft, golden natural light, with dew-kissed sunflowers and subtle green foliage surrounding her. In the background, a hint of mist or soft haze creates a magical and romantic atmosphere, with distant trees softly silhouetted. Don\'t change the facial details you can keep the same as the photo','/static/uploads/prompts/a257593f-1cdc-4ae4-8029-4b24c7366fb9.jpg','2025-09-28 09:01:49',2,2),(183,'handsome man lying gracefully','Create handsome man lying gracefully.','A dreamy, ultra-realistic portrait of a handsome man lying gracefully beside white lilies, his head resting gently on his arms, reflected perfectly on a glossy black surface. Soft cinematic lighting highlights his glowing skin and sharp yet delicate facial features, with slightly wet strands of hair falling naturally across his forehead. The mood is ethereal, romantic, artistic, with a serene atmosphere.\r\n\r\nHigh detail, professional studio photography, 8K resolution','/static/uploads/prompts/c8cf8063-d745-4bb4-94c9-1f38618acf7a.jpg','2025-09-28 09:04:21',2,2),(184,'side profile of a man, rugged masculine look,','Create side profile of a man, rugged masculine look,','Ultra-detailed black and white portrait, side profile of a man, rugged masculine look, intense sharp eyes, long messy hair flowing backwards with fine strands visible, thick realistic beard and mustache, detailed facial hair texture, strong defined nose with a small rectangular medical bandage across the bridge, lips closed with subtle tension, cinematic expression of strength and determination.','/static/uploads/prompts/b6c6909d-16d6-4012-b9ba-2c4251998d7e.jpg','2025-09-28 09:11:12',2,2),(185,'Industrial design ✨','Car design ','Industrial design, concept sketches, [Subject], multiple-view drawing, modern minimalism, clean lines, white background','/static/uploads/prompts/f53a8822-3cc5-45c0-b2c3-ee8e357b76c8.jpg','2025-09-28 09:14:59',2,5),(186,'portrait of a girl wearing a sharp black turtle neck','Create realistic portrait of a girl wearing a sharp black turtle neck','A high resolution black and white portrait of a girl wearing a sharp black turtle neck and chic small gold earrings along with Korean bun.She stands confidently in minimal studio setting slightly to the side dramatic studio lighting creates bold geometric shadows on her face and background strong cross beams of light.Cut through the shadows her expression is calm introspective and slightly distant the image has cinematic','/static/uploads/prompts/b65f6e68-f5de-4f40-87ea-19b9d74a9ad7.jpg','2025-09-28 09:16:35',2,1),(187,'Photoshoot ','.','Please create a vertical potrait shot in 1080x1920 format using the exact same face features, characterized by stark cinematic lighting and intense contrast. Captured in a slightly low, upward-facing angle that dramatized the subject\'s jawline and neck,','/static/uploads/prompts/24a22f2d-7817-4c05-ab83-75e7490f6c64.jpg','2025-09-28 09:18:04',2,2),(188,'DJ Boy','Convert your photo into your dream look using Gemini (Nano Banana).','A young man in his mid-20s with dark, messy-curled hair, leaning back on a graffiti-covered concrete block with a laid-back, confident smirk. He wears an oversized graphic tee layered under an open plaid shirt, paired with ripped light-wash jeans that hang loose. On his feet are chunky high-top sneakers in bold red and white. A gold chain glints around his neck, and he sports a snapback cap tilted slightly to the side. The background is an urban street setting with neon lights casting a colorful glow, blending pinks and blues for a vibrant, moody effect. Soft yet dramatic studio-style lighting highlights his face and jewelry. High-resolution, full-body fashion photography with a streetwear swagger aesthetic. Keep the same face from the uploaded photo.','/static/uploads/prompts/cc705c10-a832-437d-85e0-1d17be98cfee.jpg','2025-09-28 09:19:36',2,3),(189,'Grainy retro vintage','Create a grainy retro vintage of yourself in Gemini Nano Banana','A grainy retro vintage of a me standing front of wall with wearing bright red Kurtis and pant, luxury formal watch, hair like long brown hair.plucking flowers from a flowering vine by one hand another hand at head looked in cemera. face 100% match from uploaded image, windy environment hd sharpen resolution with sunlight and soft shadows.','/static/uploads/prompts/5d479ede-896d-451c-8bc8-dc046406477e.jpg','2025-09-28 09:21:03',2,3),(190,'Bike and outfit','Customize the bike and outfit to match your favorite style','High-contrast black and white photograph taken from a top-down (bird\'s-eye) view with perfect symmetry. A man wearing a black leather jacket, dark cargo jeans, boots and sunglasses is lying on a textured stone pavement with his hands behind his head and his legs crossed one over the other. Beside him, parallel to his body, is a vintage-style motorcycle with chrome details and a helmet on the seat. Shot with a full-frame DSLR using a 35 mm lens, f/5.6, ISO 100, 1/250 s for crisp detail and deep focus. Natural daylight with soft shadows, rich textures and strong tonal contrast for a dramatic, cinematic look','/static/uploads/prompts/43c83bd5-8573-4ff0-a9cf-87649efd9588.jpg','2025-09-28 09:23:05',2,1),(191,'Glossy melting objects by ChatGPT','Glossy melting objects by ChatGPT','Ultra-realistic 3D render of a surreal melting sculpture of [OBJECT].\r\n\r\nThe object appears as if made from glossy candy-like material, with smooth dripping shapes flowing downward, exaggerated surreal forms.\r\n\r\nSTYLE & SURFACE:\r\n\r\n-\r\n\r\nHyper-glossy, polished plastic / candy glaze texture\r\n\r\n- Smooth liquid drips hanging from edges Soft rounded geometry with no sharp imperfections\r\n\r\nUniform surrealist aesthetic, inspired by Salvador Dalí\r\n\r\nMain object color: [OBJECT COLOR] with glossy highlights\r\n\r\nLIGHTING & ENVIRONMENT:\r\n\r\nDreamlike soft studio lighting\r\n\r\nGentle shadows and highlights across glossy surfaces\r\n\r\nClean pastel background in [PASTEL\r\n\r\nCOLOR]\r\n\r\nUltra-clean, minimal environment, no clutter\r\n\r\nCOMPOSITION:\r\n\r\nCentered composition, perfectly aligned\r\n\r\nObject isolated in its own square frame\r\n\r\nSymmetrical, balanced proportions\r\n\r\nConsistent spacing across multiple\r\n\r\nvariations\r\n\r\nOUTPUT STYLE:\r\n\r\nSurreal, dreamlike, photorealistic render\r\n\r\nPastel color palette (cream, peach, mint, lilac, light blue, soft pink)\r\n\r\n- Award-winning design, high detail,\r\n\r\ncinematic product photography quality\r\n\r\n8K resolution, ultra-sharp','/static/uploads/prompts/3c782293-6cea-41e3-bd4b-e60ab161b400.jpg','2025-09-28 09:31:55',2,3),(192,'CGI Magic Unleashed','Create CGI Magic Unleashed','Ultra-realistic CGI shot of a giant [PRODUCT NAME HERE], seamlessly integrated into a matching real-world environment that reflects the product\'s identity, surrounded by context-specific city or nature elements, cinematic composition with natural shadows and photorealistic reflections, high Kelvin sunlight for neutral lighting, captured in HDR 8K DSLR quality, surreal yet believable visual integration, brand logo clearly visible, slogan dynamically adapted to the product\'s character, dramatic and immersive atmosphere, aspect ratio 2:3','/static/uploads/prompts/883ffac7-ae42-4de7-b813-cb349b5ef549.jpg','2025-09-28 09:33:17',2,1),(193,'A dreamy, ultra-realistic portrait of a young woman','Create A dreamy, ultra-realistic portrait of a young woman','A dreamy, ultra-realistic portrait of a young woman (attached image, exactly same face) lying gracefully beside white lilies, her head resting gently on his arms, reflected perfectly on a glossy black surface. She wears pink floral print saree and blouse. Soft cinematic lighting highlights his glowing skin and sharp yet delicate facial features, with slightly wet strands of hair falling naturally across his forehead. The mood is ethereal, romantic, artistic, with a serene atmosphere.\r\n\r\nHigh detail, professional studio photography, 8K resolution','/static/uploads/prompts/ee37db63-97fe-4a05-aecd-1ce7159e5f6d.jpg','2025-09-28 09:35:39',2,3),(194,'Captured Moments, Endless Memories ✨\"','Follow these steps to generate the image:\r\n1️⃣ Copy the Prompt Below – (see prompt section).\r\n2️⃣ Open Gemini / ChatGPT (Image Mode) – or any AI image tool that supports image input.\r\n3️⃣ Upload Your Base Image – for example your product photo or sample reference.\r\n4️⃣ Paste the Prompt – and include the image you uploaded.\r\n5️⃣ Run the Prompt – AI will create a realistic product mockup based on your image and instructions','Take a photo taken with a Polaroid camera. The photo should look like an ordinary photograph, without an explicit subject or property. The photo should have a slight blur and a consistent light source, like a flash from a dark room, scattered throughout the photo. Don\'t change the face. Change the background behind those two people with white curtains. With that boy and me make a cute poses\"','/static/uploads/prompts/4c8f585b-6df9-4597-9d8e-0ec487ca9291.jpg','2025-09-28 12:43:32',5,1),(195,'Ultra-realistic cinematic portrait of a 2-year-old boy','Follow these steps to generate the image:\r\n1️⃣ Copy the Prompt Below – (see prompt section).\r\n2️⃣ Open Gemini / ChatGPT (Image Mode) – or any AI image tool that supports image input.\r\n3️⃣ Upload Your Base Image – for example your product photo or sample reference.\r\n4️⃣ Paste the Prompt – and include the image you uploaded.\r\n5️⃣ Run the Prompt – AI will create a realistic product mockup based on your image and instructions.','Ultra-realistic cinematic portrait of a 2-year-old boy (use uploaded reference image for face, same to same). He is wearing a crisp white t-shirt layered with a stylish black shirt, paired with fitted black trousers, white sneakers, and a sleek white smartwatch. Black sunglasses add to his confident, modern look. He is standing in a stylish pose, exuding charm and attitude. The background is a natural black-toned scenic atmosphere\r\n with moody tones,keeping the main focus sharply on','/static/uploads/prompts/d27b6366-b9c6-4d91-ac8e-b6dbfab69340.jpg','2025-09-28 13:04:34',5,1),(196,'Illustrations styles','Prompts for illustrations in a dark expressionist style','A surreal nightmarish carnival with twisted clowns and distorted rides, drawn in rough crayon and oil pastel strokes, chaotic expressionist energy, glowing eyes and unsettling atmosphere --ar 11:14 --raw --p','/static/uploads/prompts/9ccd7c7a-19e7-4ab3-8422-d4e82726d36b.jpg','2025-09-28 14:32:46',2,1),(198,'illustrations in a dark expressionist','prompts for illustrations in a dark expressionist style with crayon/oil pastel, grotesque characters, and a fantastic, unsettling atmosphere','A childlike drawing of demons lurking in a dark cave, bright neon crayon lines on black textured paper, primitive grotesque figures with oversized eyes, outsider art horror style --ar 11:14 --raw --p','/static/uploads/prompts/8ce19c5f-64b6-45da-a7fa-f77387ee1d60.jpg','2025-09-28 14:35:13',2,1),(199,'Trying to ride. ✨','Create sparkling ocean wave images using ChatGPT. ','A sparkling ocean wave filled with stardust and glowing stars crashes near the shore, with dark mountains in the background and luminous clouds rising into a deep blue night sky. The scene feels both cosmic and earthly, like an ocean made of galaxies.','/static/uploads/prompts/5ccf211e-0aea-4da0-870a-d06caebcf607.jpg','2025-09-28 14:39:59',2,1),(200,'Character Cards by Nano Banana','Create card Character Cards by Nano Banana','A hyper-detailed holographic trading card featuring [NAME]. Designed in premium collectible card style with metallic foil borders and rainbow holographic gradients. At the center, a sharp portrait of [NAME] from the shoulders up, captured in photorealistic detail, wearing their signature outfit. The bottom of the card includes a stat bar with attributes such as: [STAT 1] | [STAT 2] | [STAT 3]| [STAT 4] | [STAT 5]. Typography at the top clearly displays \"[NAME]\" in bold stylized font. Shimmering foil textures, prism light reflections, authentic trading card aesthetic. 1080x1080 square format.','/static/uploads/prompts/c1a31d56-543c-416b-bd1f-5ae6dd1c7cdf.jpg','2025-09-28 14:42:28',2,3),(201,'Origami Cartoon Characters','Origami Cartoon Characters by Nano Banana','A hyper-detailed origami version of [CHARACTER], folded from high-quality colored paper with crisp edges and realistic paper texture. The folds capture the character\'s iconic features, outfit, and silhouette in a simplified geometric form. Placed on a clean studio surface with soft shadows. Minimalist collectible art style, photorealistic detail, sharp focus. 1080x1080 square format.','/static/uploads/prompts/119eadc0-66b0-430e-9f0c-d5586294b95e.jpg','2025-09-28 14:48:26',2,1),(202,'Neon-powered portraits','Neon-powered portraits with Seedream 4.0 / Gemini Nano Banana.','A futuristic, neon-lit portrait of [SUBJECT_DESCRIPTION], crouching confidently in a moody, [COLOR]-toned room.\r\n\r\nThey hold a large, glowing\r\n\r\n[NEON OBJECT SHAPE] that cuts through the center of the image, casting bright [COLOR] reflections across their skin, outfit, and surroundings.\r\n\r\nThey wear [OUTFIT DESCRIPTION], blending [STYLE_REFERENCE] with cyberpunk aesthetics. The entire scene is bathed in electric [PRIMARY COLOR] and deep [SECONDARY COLOR] lighting, creating a high-contrast, edgy, and surreal atmosphere with a sci-fi fashion vibe.','/static/uploads/prompts/1660c52a-d7f9-4be7-ae12-905ceafbcada.jpg','2025-09-29 02:47:12',2,1),(203,'Celestial Mandala Odyssey','Create a celestial mandala odyssey','[SUBJECT] at the center of a Celestial Mandala Odyssey, surrounded by intricate, swirling patterns of [COLOR1] and [COLOR2] that evoke the harmony of the cosmos.','/static/uploads/prompts/d9ed1294-228d-41e8-82a4-03bab51e394c.jpg','2025-09-29 02:49:21',2,1),(204,'Celestial Mandala Odyssey','Create realistic Celestial Mandala Odyssey','A white tiger at the center of a Celestial Mandala Odyssey, surrounded by intricate, swirling patterns of gold and sapphire blue that evoke the harmony of the cosmos','/static/uploads/prompts/dc86bd3d-bb89-47ca-b3f1-24edd28c93de.jpg','2025-09-29 02:50:54',2,1),(205,'Note Book Half Sketch look','Note Book Half Sketch look','A young man wearing a light blue hoodie,\r\n\r\nholding a black pen, standing against a lined notebook paper background. The image is split vertically in half: the left side is a realistic photo, the right side is a detailed black-and-white sketch drawing in manga/ comic style.The sketched side includes doodles like stars, hearts, smiley faces, and small cartoon figures around the head. The sketch also has handwritten Korean words and playful decorations. The real side blends smoothly into the drawn side, creating a half-human half-doodle art effect. Clean, aesthetic, creative, modern illustration style.\"Tambahan (opsional):\r\n\r\n•Style keywords: \"mixed media, half drawing half real, sketchbook art, aesthetic doodle, creative portrait\"\r\n\r\n•Aspect ratio: portrait (4:5 atau 3:4)\r\n\r\n•Lighting: soft, natural, studio-like','/static/uploads/prompts/f8be40d3-0f38-40f5-82ce-cbd2bd874615.jpg','2025-09-29 02:52:20',2,3),(206,'Vintage technical illustration posters ✨','Create Vintage technical illustration posters with Nano Banana in Adobe Firefly','A vintage technical illustration poster of [OBJECT], [NUMBER] different views of the object. Panel 1 is a side profile. Panel 2 is a top-down view. Panel 3 is a detailed close-up of [OBJECT]. Panel 4 is a clean cross-section. The style is that of [YEAR] product catalog, with bold lines, a simple [COLOR 1] and [COLOR 2] color scheme, and clear labels on a textured, [COLOR 3] background','/static/uploads/prompts/a6d183ef-0902-4745-b065-523f0d5beb80.jpg','2025-09-29 02:53:50',2,5),(207,'nature-inspired','Perfect for nature-inspired decor, children\'s books, or whimsical visual storytelling.','A girl\'s portrait sculpted from drifting clouds - serene, dreamlike, and set against a pure blue sky','/static/uploads/prompts/577a21db-96b3-4da4-ad9c-7f8e1d76d07b.jpg','2025-09-29 02:59:14',2,1),(208,'cosmic dream','Sweet, surreal, and out of this world - where desserts meet the stars','An astronaut rows a tiny boat through a river of melted chocolate, flowing from a pastry-planet in a whimsical cosmic dream.','/static/uploads/prompts/b78d8039-561c-4763-aada-5120a7c41a44.jpg','2025-09-29 03:00:24',2,3),(209,'product with Nano Banana','Want to create a natural-looking photoshoot your product with Nano Banana','A high-end editorial photo of a [IMAGE\r\n\r\nUPLOADED] placed flat on a [YOUR SURFACE], captured from a direct top-down view. The surface is gently disturbed to suggest recent motion or interaction. The front of the product is fully visible and properly oriented upright. The area around the product is intentionally left open to optionally place [YOUR ELEMENTS] that visually enhance the scene. Natural sunlight from the upper left casts warm, realistic shadows. 3D realism, luxury product photography, shallow depth of field, 1:1 format.','/static/uploads/prompts/9845aaca-950b-4bbb-9919-4d86f22f4314.jpg','2025-09-29 03:02:08',2,3),(210,'athletic character','Create athletic character','Create a studio portrait of the same athletic character (preserving the face 100%). Character is wearing a light Green blazer and slim-fit trousers with white sneakers, and white shirt with buttons open on top. The left hand wearing a stylish white watch. Character is seated on a tall swivel stool, with a gradient Green background and spotlight lighting, in the style of a fashion photoshoot.','/static/uploads/prompts/20f1c45e-5b5f-4238-a67c-035d8216f9f0.jpg','2025-09-29 03:03:22',2,2),(211,'Images generated on Ideogram','Create Images generated on Ideogram','What we tend each day becomes our time.\" - creative typographic design uses black serif text to form the shape of an hourglass, set against a soft, off-white, textured background. The quote within the text \"What we tend each day becomes our time.\" forms the outline of the hourglass, with varying font sizes and consistent spacing.','/static/uploads/prompts/de60dcd8-c939-4051-8baa-e7a4724ea3d3.jpg','2025-09-29 03:05:53',2,5),(212,'B&W and sepia are wonderful 😊','Create B&W and sepia are wonderful','A sepia monochrome candid photograph of a jogger pausing in an urban alley to tie their shoelace, short depth of field, sweat on their brow, breathing heavily, graffiti-covered walls in the background, the moment frozen in time as if the camera was never there --ar 4:5','/static/uploads/prompts/95631892-d657-4e0c-b009-4e5f9b31d0ed.jpg','2025-09-29 03:07:11',2,2),(213,'Paper Origami','Create paper Origami of any character using prompt in alt','A highly detailed, low-poly 3D render of a bust of Virat Kohli, Indian cricket jersey, intricate geometric shapes, sharp lines, cinematic studio lighting, white background, digital art.','/static/uploads/prompts/67055be4-0006-49f6-a0a5-a96c23c14835.jpg','2025-09-29 03:09:53',2,2),(214,'E commerce product images ','Create e commerce product images for business purposes ','Flat lay e-commerce product shot of the outfit from the provided photo. All clothing items and accessories extracted from the source image and neatly arranged on a clean white background, bird\'s-eye view. Hyper-realistic, high resolution, soft diffused studio lighting with minimal shadows. Items (jacket, top, pants, shoes, accessories) evenly spaced, consistent angles, editorial fashion catalog aesthetic, no distractions, sharp details','/static/uploads/prompts/b5d3441f-91b2-4658-bb09-81028894e570.jpg','2025-09-29 03:11:33',2,5),(215,'Keychain Logos ✨','Create realistic Keychain Logos images ','Create a photorealistic square image (1080x1080) showing a custom acrylic keychain version of the [LOGO] logo hanging from the zipper of a dark-colored backpack (e.g. black or grey). The logo must retain its original shape, color, and proportions without any alteration. The keychain should have a clear glossy acrylic layer, clipped with a silver metal ring and clasp. Use soft daylight or diffused lighting to avoid yellow tones. Set the background in a modern outdoor setting, but keep it blurred to maintain focus on the logo keychain.','/static/uploads/prompts/f98e51be-d752-49e3-bc94-04b9dcc9e399.jpg','2025-09-29 03:13:09',2,3),(216,'LEGO Animals by Nano Banana','Create LEGO Animals by Nano Banana','A hyper-detailed 3D render of a [ANIMAL] made entirely from LEGO bricks. The build should look like an official LEGO set, with clearly visible studs, smooth interlocking parts, and glossy plastic reflections. The [ANIMAL] should be well-proportioned and recognizable, but still obviously constructed from LEGO pieces. Bright studio lighting, clean white background, realistic shadows.\r\n\r\n1080x1080.','/static/uploads/prompts/e6d2e724-4b54-43a1-a04c-68fda3dedcb9.jpg','2025-09-29 03:24:00',2,3),(217,'Chibi Characters','Create Chibi Characters','Hyper-realistic 3D render of a chibi-style\r\n\r\n[CHARACTER] figure, oversized head with authentic [FACIAL/HAIR DETAILS], and cute compact body with large head-to-body ratio. Character is wearing their [ICONIC OUTFIT] and posed dynamically on a sleek metallic platform. Background: futuristic high-tech laboratory or stage with soft blue lighting and blurred bokeh glow. Cinematic LED lighting, photorealistic textures, Pixar-quality collectible figure aesthetic. Slightly low camera angle to emphasize presence despite cute proportions. 1080x1080 square format.','/static/uploads/prompts/7752e466-36f6-4be3-9061-5cc7cbec0d6e.jpg','2025-09-29 03:25:19',2,1),(218,'Modern Samurai','Create realistic Modern Samurai using own face images ','Make the man in the photo a modern samurai warrior standing in a heroic pose in the battle field, with cuts and bruises on his face and body. He is standing strong. Cinematic visual photography.','/static/uploads/prompts/ea5ab8c0-8a67-4e3d-87bd-579cf0ee4370.jpg','2025-09-29 03:26:44',2,2),(219,'3d modeling','create your own images 3d modeling','Create a 1/7 scale commercialized figurine of the characters in the picture, in a realistic style, in a real environment. The figurine is placed on a computer desk. The figurine has a round transparent acrylic base, with no text on the base. The content on the computer screen is a 3D modeling process of this figurine. Next to the computer screen is a toy packaging box, designed in a style reminiscent of high-quality collectible figures, printed with original artwork. The packaging features two-dimensional flat illustrations.','/static/uploads/prompts/9d7d98f4-e7e5-4320-a12b-bee9af61cb3c.jpg','2025-09-29 03:28:59',2,1);
/*!40000 ALTER TABLE `prompt` ENABLE KEYS */;
UNLOCK TABLES;

--
-- Table structure for table `saved_prompt`
--

DROP TABLE IF EXISTS `saved_prompt`;
/*!40101 SET @saved_cs_client     = @@character_set_client */;
/*!50503 SET character_set_client = utf8mb4 */;
CREATE TABLE `saved_prompt` (
  `id` int NOT NULL AUTO_INCREMENT,
  `created_at` datetime DEFAULT NULL,
  `user_id` int NOT NULL,
  `prompt_id` int NOT NULL,
  PRIMARY KEY (`id`),
  KEY `user_id` (`user_id`),
  KEY `prompt_id` (`prompt_id`),
  CONSTRAINT `saved_prompt_ibfk_1` FOREIGN KEY (`user_id`) REFERENCES `user` (`id`),
  CONSTRAINT `saved_prompt_ibfk_2` FOREIGN KEY (`prompt_id`) REFERENCES `prompt` (`id`)
) ENGINE=InnoDB AUTO_INCREMENT=75 DEFAULT CHARSET=utf8mb4 COLLATE=utf8mb4_0900_ai_ci;
/*!40101 SET character_set_client = @saved_cs_client */;

--
-- Dumping data for table `saved_prompt`
--

LOCK TABLES `saved_prompt` WRITE;
/*!40000 ALTER TABLE `saved_prompt` DISABLE KEYS */;
INSERT INTO `saved_prompt` VALUES (2,'2025-08-23 04:19:34',3,4),(14,'2025-08-23 09:52:33',3,15),(31,'2025-08-24 04:46:56',3,5),(34,'2025-09-23 17:51:31',2,1),(36,'2025-09-24 05:59:50',6,48),(37,'2025-09-24 07:58:53',2,52);
/*!40000 ALTER TABLE `saved_prompt` ENABLE KEYS */;
UNLOCK TABLES;

--
-- Table structure for table `sponsorship`
--

DROP TABLE IF EXISTS `sponsorship`;
/*!40101 SET @saved_cs_client     = @@character_set_client */;
/*!50503 SET character_set_client = utf8mb4 */;
CREATE TABLE `sponsorship` (
  `id` int NOT NULL AUTO_INCREMENT,
  `title` varchar(200) NOT NULL,
  `description` text NOT NULL,
  `image_url` varchar(500) NOT NULL,
  `client_name` varchar(100) NOT NULL,
  `redirect_url` varchar(500) NOT NULL,
  `is_active` tinyint(1) NOT NULL,
  `created_at` datetime DEFAULT NULL,
  `expires_at` datetime DEFAULT NULL,
  `admin_id` int NOT NULL,
  PRIMARY KEY (`id`),
  KEY `admin_id` (`admin_id`),
  CONSTRAINT `sponsorship_ibfk_1` FOREIGN KEY (`admin_id`) REFERENCES `user` (`id`)
) ENGINE=InnoDB AUTO_INCREMENT=10 DEFAULT CHARSET=utf8mb4 COLLATE=utf8mb4_0900_ai_ci;
/*!40101 SET character_set_client = @saved_cs_client */;

--
-- Dumping data for table `sponsorship`
--

LOCK TABLES `sponsorship` WRITE;
/*!40000 ALTER TABLE `sponsorship` DISABLE KEYS */;
/*!40000 ALTER TABLE `sponsorship` ENABLE KEYS */;
UNLOCK TABLES;

--
-- Table structure for table `user`
--

DROP TABLE IF EXISTS `user`;
/*!40101 SET @saved_cs_client     = @@character_set_client */;
/*!50503 SET character_set_client = utf8mb4 */;
CREATE TABLE `user` (
  `id` int NOT NULL AUTO_INCREMENT,
  `username` varchar(64) NOT NULL,
  `email` varchar(120) NOT NULL,
  `password_hash` varchar(256) DEFAULT NULL,
  `is_subscribed` tinyint(1) NOT NULL,
  `subscription_expiry` datetime DEFAULT NULL,
  `is_admin` tinyint(1) NOT NULL,
  `profile_pic` varchar(500) DEFAULT NULL,
  `instagram_id` varchar(100) DEFAULT NULL,
  `created_at` datetime DEFAULT NULL,
  PRIMARY KEY (`id`),
  UNIQUE KEY `username` (`username`),
  UNIQUE KEY `email` (`email`)
) ENGINE=InnoDB AUTO_INCREMENT=14 DEFAULT CHARSET=utf8mb4 COLLATE=utf8mb4_0900_ai_ci;
/*!40101 SET character_set_client = @saved_cs_client */;

--
-- Dumping data for table `user`
--

LOCK TABLES `user` WRITE;
/*!40000 ALTER TABLE `user` DISABLE KEYS */;
INSERT INTO `user` VALUES (1,'admin_hardik','hardikv682@gmail.com','scrypt:32768:8:1$quIkYiRWyVurWeda$9566f0dc39e722f9091d9792551161c0bcce2f850fed56717e855356be6522590c09e258d8b6f0160166b345bedaad1fc4eb34d654d37d23fdbb384f570a77b9',1,NULL,1,'/static/uploads/profiles/405c29de-4ba3-4fcd-a433-701236fa921a.jpg','Hardik.webqa','2025-09-23 15:00:17'),(2,'Sachin Dantani','im.sachindantani@gmail.com','scrypt:32768:8:1$zQu2sUDcXW7ZDB4B$074f1368506300c9f7db43cb7cb581180378e15b901f6af46b0e3885818d248a554b76dad051334e7482973e8cebb76e16633826237036352e4f001a27539253',1,NULL,1,'/static/uploads/profiles/211dbc8d-4615-438f-a308-28bf11841ada.webp',NULL,'2025-09-23 15:03:18'),(3,'admin_dhaval','dhaval@gmail.com','scrypt:32768:8:1$OdUNRNcXt1iwjmrq$449d390bb4ff8424c999e58fc361c78d19ba0a6ac513587186fcb9f7ce839334fccd9733d6da1a7435f2d530430f1581f3630f28e2d3226266aceef99d05261f',1,NULL,1,NULL,NULL,'2025-09-23 15:04:34'),(4,'admin_jay','jay@gmail.com','scrypt:32768:8:1$J1pJbgRZLCZ1ItpN$854eebcafaa1f38b56bea1dd2412f733e7c18b149b3b9d1531034ff6da618472e9ef711c988adfe4941dfd6670b5e8fe85749977773fcd360b695850be376217',1,NULL,1,NULL,NULL,'2025-09-23 15:07:33'),(5,'admin_amit','amit@gmail.com','scrypt:32768:8:1$SeRvlX7VTWxZRug0$0bbbd66a1fc94fe36a4c1eea3e0f4104167b71f55b27ebe89baa1d693fe93a366a37c5d6db19adddf5b468d297a70aa4a5011b9bf059a63b9150fcc237468882',1,NULL,1,NULL,NULL,'2025-09-23 15:09:08'),(6,'hardik005','sgnarutokun@gmail.com','scrypt:32768:8:1$eKpUS2ZHCmMZIMHk$ff89d7abb80d61ce96528154c718763d671455efd7fadac8fb17a4a6b6f86236aa60edcba7742bd34512b3121bed6d32dfef2b0703f8087f54258adda9213396',1,'2025-10-24 01:36:56',0,NULL,NULL,'2025-09-24 01:35:20'),(7,'test_user05','test@gmail.com','scrypt:32768:8:1$q7PnAWgCFIRTl6LY$99852d37d13cf5f4c1b38551afb8117c8e35149bff678df570cab7fccb297d8c3d431d0962ea814178fab98fd07fe2b6302a8525885e560e8924a7b31718a85e',1,'2025-10-27 10:57:55',0,'/static/uploads/profiles/8b37aa6d-d2b6-4dd7-a48f-fe619a9ee79b.jpeg',NULL,'2025-09-24 06:25:45'),(8,'Jigar','jigar@gmail.com','scrypt:32768:8:1$97TXl9gM4oNi6Pdy$3c30e3fad20bf0fcb970fc5b1cd8d7e10fb205bdce8c6587e9986067d9a718e84fc61cacd8cd99bd068da7cef068e84535560ac483e4ac7ae2571ba1679b355f',1,'2025-12-25 09:07:14',0,NULL,NULL,'2025-09-24 11:39:49'),(9,'someone','rkv7323@gmail.com','scrypt:32768:8:1$6W4QNbgfcB6Kj6dc$efad6164839a694cde28fd21ca5f08729d8a7367e71df9985dd3952efd5350607154781676b8c36a6054d167a540c77afe176e0348eb1adbe7e1ef6fd862b0e1',0,NULL,0,NULL,NULL,'2025-09-24 14:51:22'),(10,'harshil','harshiltech77@gmail.com','scrypt:32768:8:1$trZ9gFQ0R8fdaYBS$2c48227d3152cb24a2fa0ec6ae59131d60fb0a0aac84afa85e5a9784c71db483ae86ab42cc88b6bc14ea3dff94836c93804e41263528a63849fbc66e3ef06c15',1,'2025-12-24 11:33:33',0,NULL,NULL,'2025-09-25 11:29:34'),(11,'Dhaval Kumar ','dhaval962484@gmail.com','scrypt:32768:8:1$Q25i27JjLCxD9zkf$0686de1297376b6538e7e66c3c8f854a3131a2a6b38b5a9b05d7fb71e8bba56ececdb5a22bec7382916e3178bebf87b3a610ddd46627c11cfefcb5b843da9e5c',0,NULL,0,NULL,NULL,'2025-09-26 05:36:45'),(12,'John','john2@gmail.com','scrypt:32768:8:1$mKvVt2azpafW2EbU$a7119fb22c270602c573d9977bad3c26e09b8bdd4b5d28d85b73ab4f0267dba23bc65d86fed2e3a34cfcbf6b8a283b9d2b2451edbf09ebad0953c3abb1f6b266',1,'2025-12-25 09:13:39',0,NULL,NULL,'2025-09-26 09:12:37'),(13,'demo_user','demo@gmail.com','scrypt:32768:8:1$7zfwIz1uDOY5upXe$580d489c61c83647e8dbd1422142131ac6b4177a740c5c2d507d8f185f1f9a35e04315d34035fa54c710b87ffed3beab075a521a67707539941453f020c36132',0,NULL,0,NULL,NULL,'2025-09-27 15:28:18');
/*!40000 ALTER TABLE `user` ENABLE KEYS */;
UNLOCK TABLES;
/*!40103 SET TIME_ZONE=@OLD_TIME_ZONE */;

/*!40101 SET SQL_MODE=@OLD_SQL_MODE */;
/*!40014 SET FOREIGN_KEY_CHECKS=@OLD_FOREIGN_KEY_CHECKS */;
/*!40014 SET UNIQUE_CHECKS=@OLD_UNIQUE_CHECKS */;
/*!40101 SET CHARACTER_SET_CLIENT=@OLD_CHARACTER_SET_CLIENT */;
/*!40101 SET CHARACTER_SET_RESULTS=@OLD_CHARACTER_SET_RESULTS */;
/*!40101 SET COLLATION_CONNECTION=@OLD_COLLATION_CONNECTION */;
/*!40111 SET SQL_NOTES=@OLD_SQL_NOTES */;

-- Dump completed on 2025-09-29  4:20:52
